Date,Time,Time zone,Name,Type,Currency,Gross
13/6/2023,7:35:08,ACST,EA Swiss Sarl,Preapproved Payment Bill User Payment,AUD,6.99
13/6/2023,7:35:08,ACST,0,General Currency Conversion,CNY,35.13
13/6/2023,7:35:08,ACST,0,General Currency Conversion,AUD,6.99
13/6/2023,7:54:18,ACST,FRUUGO.COM LTD,Express Checkout Payment,AUD,45.44
13/6/2023,7:54:18,ACST,0,General Currency Conversion,CNY,229.56
13/6/2023,7:54:18,ACST,0,General Currency Conversion,AUD,45.44
13/6/2023,8:24:34,ACST,Uber Australia Pty Ltd,Preapproved Payment Bill User Payment,AUD,32.85
13/6/2023,8:24:34,ACST,0,General Currency Conversion,CNY,165.96
13/6/2023,8:24:34,ACST,0,General Currency Conversion,AUD,32.85
14/6/2023,16:29:25,ACST,Uber Australia Pty Ltd,Preapproved Payment Bill User Payment,AUD,49.89
14/6/2023,16:29:25,ACST,0,General Currency Conversion,CNY,253.95
14/6/2023,16:29:25,ACST,0,General Currency Conversion,AUD,49.89
15/6/2023,3:50:00,ACST,Google Payment Australia Pty Limited,Preapproved Payment Bill User Payment,AUD,5
15/6/2023,3:50:00,ACST,0,General Currency Conversion,CNY,25.45
15/6/2023,3:50:00,ACST,0,General Currency Conversion,AUD,5
15/6/2023,12:35:26,ACST,Apple Services,Preapproved Payment Bill User Payment,AUD,9.99
15/6/2023,12:35:26,ACST,0,General Currency Conversion,CNY,51.07
15/6/2023,12:35:26,ACST,0,General Currency Conversion,AUD,9.99
16/6/2023,3:11:26,ACST,Uber Australia Pty Ltd,Preapproved Payment Bill User Payment,AUD,40.75
16/6/2023,3:11:26,ACST,0,General Currency Conversion,CNY,208.3
16/6/2023,3:11:26,ACST,0,General Currency Conversion,AUD,40.75
16/6/2023,4:15:50,ACST,NETFLIX AUSTRALIA PTY LTD,Preapproved Payment Bill User Payment,AUD,10.99
16/6/2023,4:15:50,ACST,0,General Currency Conversion,CNY,56.18
16/6/2023,4:15:50,ACST,0,General Currency Conversion,AUD,10.99
17/6/2023,19:37:46,ACST,MeWe,Subscription Payment,USD,1.99
17/6/2023,19:37:46,ACST,0,General Currency Conversion,CNY,14.81
17/6/2023,19:37:46,ACST,0,General Currency Conversion,USD,1.99
18/6/2023,2:22:24,ACST,Google Payment Australia Pty Limited,Preapproved Payment Bill User Payment,AUD,5.99
18/6/2023,2:22:24,ACST,0,General Currency Conversion,CNY,30.76
18/6/2023,2:22:24,ACST,0,General Currency Conversion,AUD,5.99
18/6/2023,16:26:13,ACST,Uber Australia Pty Ltd,Preapproved Payment Bill User Payment,AUD,41.08
18/6/2023,16:26:13,ACST,0,General Currency Conversion,CNY,210.93
18/6/2023,16:26:13,ACST,0,General Currency Conversion,AUD,41.08
18/6/2023,19:26:12,ACST,Google Payment Australia Pty Limited,Preapproved Payment Bill User Payment,AUD,1.59
18/6/2023,19:26:12,ACST,0,General Currency Conversion,CNY,8.16
18/6/2023,19:26:12,ACST,0,General Currency Conversion,AUD,1.59
19/6/2023,2:08:34,ACST,Google Payment Australia Pty Limited,Preapproved Payment Bill User Payment,AUD,5.99
19/6/2023,2:08:34,ACST,0,General Currency Conversion,CNY,30.76
19/6/2023,2:08:34,ACST,0,General Currency Conversion,AUD,5.99
19/6/2023,22:13:43,ACST,Uber Australia Pty Ltd,Preapproved Payment Bill User Payment,AUD,76.98
19/6/2023,22:13:43,ACST,0,General Currency Conversion,CNY,395.26
19/6/2023,22:13:43,ACST,0,General Currency Conversion,AUD,76.98
21/6/2023,10:08:41,ACST,Uber Australia Pty Ltd,Preapproved Payment Bill User Payment,AUD,25.39
21/6/2023,10:08:41,ACST,0,General Currency Conversion,CNY,130.38
21/6/2023,10:08:41,ACST,0,General Currency Conversion,AUD,25.39
21/6/2023,19:26:35,ACST,AmazingTalker Limited,Express Checkout Payment,USD,135.85
21/6/2023,19:26:35,ACST,0,General Currency Conversion,CNY,1017.35
21/6/2023,19:26:35,ACST,0,General Currency Conversion,USD,135.85
21/6/2023,22:51:53,ACST,Google Payment Australia Pty Limited,Preapproved Payment Bill User Payment,AUD,5
21/6/2023,22:51:53,ACST,0,General Currency Conversion,CNY,25.67
21/6/2023,22:51:53,ACST,0,General Currency Conversion,AUD,5
22/6/2023,14:09:25,ACST,"2Checkout.com, Inc.",Express Checkout Payment,USD,140
22/6/2023,14:09:25,ACST,0,General Currency Conversion,CNY,1050.5
22/6/2023,14:09:25,ACST,0,General Currency Conversion,USD,140
22/6/2023,15:47:32,ACST,Uber Australia Pty Ltd,Preapproved Payment Bill User Payment,AUD,33.8
22/6/2023,15:47:32,ACST,0,General Currency Conversion,CNY,172.58
22/6/2023,15:47:32,ACST,0,General Currency Conversion,AUD,33.8
23/6/2023,11:20:25,ACST,Uber Australia Pty Ltd,Preapproved Payment Bill User Payment,AUD,28.85
23/6/2023,11:20:25,ACST,0,General Currency Conversion,CNY,147.34
23/6/2023,11:20:25,ACST,0,General Currency Conversion,AUD,28.85
24/6/2023,1:26:07,ACST,Uber Australia Pty Ltd,Preapproved Payment Bill User Payment,AUD,35.81
24/6/2023,1:26:07,ACST,0,General Currency Conversion,CNY,182.88
24/6/2023,1:26:07,ACST,0,General Currency Conversion,AUD,35.81
25/6/2023,8:16:43,ACST,Google Payment Australia Pty Limited,Preapproved Payment Bill User Payment,AUD,7.99
25/6/2023,8:16:43,ACST,0,General Currency Conversion,CNY,40.72
25/6/2023,8:16:43,ACST,0,General Currency Conversion,AUD,7.99
25/6/2023,9:02:05,ACST,Google Payment Australia Pty Limited,Preapproved Payment Bill User Payment,AUD,9.05
25/6/2023,9:02:05,ACST,0,General Currency Conversion,CNY,46.12
25/6/2023,9:02:05,ACST,0,General Currency Conversion,AUD,9.05
25/6/2023,22:16:30,ACST,Google Payment Australia Pty Limited,Preapproved Payment Bill User Payment,AUD,6.49
25/6/2023,22:16:30,ACST,0,General Currency Conversion,CNY,33.07
25/6/2023,22:16:30,ACST,0,General Currency Conversion,AUD,6.49
25/6/2023,23:45:30,ACST,Google Payment Australia Pty Limited,Preapproved Payment Bill User Payment,AUD,5.99
25/6/2023,23:45:30,ACST,0,General Currency Conversion,CNY,30.52
25/6/2023,23:45:30,ACST,0,General Currency Conversion,AUD,5.99
25/6/2023,23:57:12,ACST,Uber Australia Pty Ltd,Preapproved Payment Bill User Payment,AUD,40.32
25/6/2023,23:57:12,ACST,0,General Currency Conversion,CNY,205.47
25/6/2023,23:57:12,ACST,0,General Currency Conversion,AUD,40.32
26/6/2023,1:15:36,ACST,Google Payment Australia Pty Limited,Preapproved Payment Bill User Payment,AUD,7.99
26/6/2023,1:15:36,ACST,0,General Currency Conversion,CNY,40.72
26/6/2023,1:15:36,ACST,0,General Currency Conversion,AUD,7.99
26/6/2023,3:20:35,ACST,Google Payment Australia Pty Limited,Preapproved Payment Bill User Payment,AUD,11.67
26/6/2023,3:20:35,ACST,0,General Currency Conversion,CNY,59.47
26/6/2023,3:20:35,ACST,0,General Currency Conversion,AUD,11.67
27/6/2023,4:30:36,ACST,Google Payment Australia Pty Limited,Preapproved Payment Bill User Payment,AUD,5.99
27/6/2023,4:30:36,ACST,0,General Currency Conversion,CNY,30.52
27/6/2023,4:30:36,ACST,0,General Currency Conversion,AUD,5.99
27/6/2023,5:30:03,ACST,Google Payment Australia Pty Limited,Preapproved Payment Bill User Payment,AUD,8.99
27/6/2023,5:30:03,ACST,0,General Currency Conversion,CNY,45.81
27/6/2023,5:30:03,ACST,0,General Currency Conversion,AUD,8.99
27/6/2023,14:21:15,ACST,Uber Australia Pty Ltd,Preapproved Payment Bill User Payment,AUD,34.2
27/6/2023,14:21:15,ACST,0,General Currency Conversion,CNY,172.8
27/6/2023,14:21:15,ACST,0,General Currency Conversion,AUD,34.2
28/6/2023,1:39:36,ACST,WEMOD LLC,Preapproved Payment Bill User Payment,AUD,7.99
28/6/2023,1:39:36,ACST,0,General Currency Conversion,CNY,40.37
28/6/2023,1:39:36,ACST,0,General Currency Conversion,AUD,7.99
28/6/2023,18:08:35,ACST,Google Payment Australia Pty Limited,Preapproved Payment Bill User Payment,AUD,8.99
28/6/2023,18:08:35,ACST,0,General Currency Conversion,CNY,45.63
28/6/2023,18:08:35,ACST,0,General Currency Conversion,AUD,8.99
29/6/2023,12:00:44,ACST,Uber Australia Pty Ltd,Preapproved Payment Bill User Payment,AUD,31.57
29/6/2023,12:00:44,ACST,0,General Currency Conversion,CNY,159.91
29/6/2023,12:00:44,ACST,0,General Currency Conversion,AUD,31.57
30/6/2023,10:48:06,ACST,www.steampowered.com,Preapproved Payment Bill User Payment,AUD,9.89
30/6/2023,10:48:06,ACST,0,General Currency Conversion,CNY,49.78
30/6/2023,10:48:06,ACST,0,General Currency Conversion,AUD,9.89
30/6/2023,10:52:46,ACST,www.steampowered.com,Preapproved Payment Bill User Payment,AUD,25.96
30/6/2023,10:52:46,ACST,0,General Currency Conversion,CNY,130.67
30/6/2023,10:52:46,ACST,0,General Currency Conversion,AUD,25.96
30/6/2023,21:24:58,ACST,www.steampowered.com,Preapproved Payment Bill User Payment,AUD,36.5
30/6/2023,21:24:58,ACST,0,General Currency Conversion,CNY,183.72
30/6/2023,21:24:58,ACST,0,General Currency Conversion,AUD,36.5
1/7/2023,9:04:45,ACST,Google Payment Australia Pty Limited,Preapproved Payment Bill User Payment,AUD,14.99
1/7/2023,9:04:45,ACST,0,General Currency Conversion,CNY,75.9
1/7/2023,9:04:45,ACST,0,General Currency Conversion,AUD,14.99
1/7/2023,13:29:03,ACST,Uber Australia Pty Ltd,Preapproved Payment Bill User Payment,AUD,27.52
1/7/2023,13:29:03,ACST,0,General Currency Conversion,CNY,139.34
1/7/2023,13:29:03,ACST,0,General Currency Conversion,AUD,27.52
1/7/2023,20:41:31,ACST,Google Australia Pty Ltd.,Preapproved Payment Bill User Payment,AUD,12.63
1/7/2023,20:41:31,ACST,0,General Currency Conversion,CNY,63.95
1/7/2023,20:41:31,ACST,0,General Currency Conversion,AUD,12.63
1/7/2023,22:54:13,ACST,Google Payment Australia Pty Limited,Preapproved Payment Bill User Payment,AUD,1.59
1/7/2023,22:54:13,ACST,0,General Currency Conversion,CNY,8.05
1/7/2023,22:54:13,ACST,0,General Currency Conversion,AUD,1.59
2/7/2023,0:06:31,ACST,Black Tree Gaming Limited,Preapproved Payment Bill User Payment,GBP,4.99
2/7/2023,0:06:31,ACST,0,General Currency Conversion,CNY,48.2
2/7/2023,0:06:31,ACST,0,General Currency Conversion,GBP,4.99
2/7/2023,1:49:34,ACST,Google Australia Pty Ltd.,Preapproved Payment Bill User Payment,AUD,0.01
2/7/2023,1:49:34,ACST,0,General Currency Conversion,CNY,0.05
2/7/2023,1:49:34,ACST,0,General Currency Conversion,AUD,0.01
2/7/2023,2:32:33,ACST,Vultr Holdings,Preapproved Payment Bill User Payment,USD,37.18
2/7/2023,2:32:33,ACST,0,General Currency Conversion,CNY,282.17
2/7/2023,2:32:33,ACST,0,General Currency Conversion,USD,37.18
2/7/2023,14:23:49,ACST,Google Payment Australia Pty Limited,Preapproved Payment Bill User Payment,AUD,5.99
2/7/2023,14:23:49,ACST,0,General Currency Conversion,CNY,30.33
2/7/2023,14:23:49,ACST,0,General Currency Conversion,AUD,5.99
2/7/2023,22:46:00,ACST,Uber Australia Pty Ltd,Preapproved Payment Bill User Payment,AUD,31.95
2/7/2023,22:46:00,ACST,0,General Currency Conversion,CNY,161.77
2/7/2023,22:46:00,ACST,0,General Currency Conversion,AUD,31.95
3/7/2023,10:21:01,ACST,Google Payment Australia Pty Limited,Preapproved Payment Bill User Payment,AUD,8.99
3/7/2023,10:21:01,ACST,0,General Currency Conversion,CNY,45.52
3/7/2023,10:21:01,ACST,0,General Currency Conversion,AUD,8.99
3/7/2023,15:07:12,ACST,Uber Australia Pty Ltd,Preapproved Payment Bill User Payment,AUD,60.9
3/7/2023,15:07:12,ACST,0,General Currency Conversion,CNY,308.35
3/7/2023,15:07:12,ACST,0,General Currency Conversion,AUD,60.9
3/7/2023,19:09:44,ACST,Google Payment Australia Pty Limited,Preapproved Payment Bill User Payment,AUD,6.99
3/7/2023,19:09:44,ACST,0,General Currency Conversion,CNY,35.39
3/7/2023,19:09:44,ACST,0,General Currency Conversion,AUD,6.99
4/7/2023,3:39:47,ACST,Uber Australia Pty Ltd,Preapproved Payment Bill User Payment,AUD,9.99
4/7/2023,3:39:47,ACST,0,General Currency Conversion,CNY,50.58
4/7/2023,3:39:47,ACST,0,General Currency Conversion,AUD,9.99
5/7/2023,18:25:19,ACST,Uber Australia Pty Ltd,Preapproved Payment Bill User Payment,AUD,40.2
5/7/2023,18:25:19,ACST,0,General Currency Conversion,CNY,203.76
5/7/2023,18:25:19,ACST,0,General Currency Conversion,AUD,40.2
6/7/2023,16:01:07,ACST,Uber Australia Pty Ltd,Preapproved Payment Bill User Payment,AUD,33.75
6/7/2023,16:01:07,ACST,0,General Currency Conversion,CNY,171.09
6/7/2023,16:01:07,ACST,0,General Currency Conversion,AUD,33.75
6/7/2023,16:39:22,ACST,Uber Australia Pty Ltd,Preapproved Payment Bill User Payment,AUD,45.3
6/7/2023,16:39:22,ACST,0,General Currency Conversion,CNY,229.64
6/7/2023,16:39:22,ACST,0,General Currency Conversion,AUD,45.3
6/7/2023,20:25:24,ACST,JBMC Software,Subscription Payment,USD,5
6/7/2023,20:25:24,ACST,0,General Currency Conversion,CNY,37.84
6/7/2023,20:25:24,ACST,0,General Currency Conversion,USD,5
7/7/2023,3:41:51,ACST,Google Payment Australia Pty Limited,Preapproved Payment Bill User Payment,AUD,5.99
7/7/2023,3:41:51,ACST,0,General Currency Conversion,CNY,30.36
7/7/2023,3:41:51,ACST,0,General Currency Conversion,AUD,5.99
7/7/2023,23:44:27,ACST,Uber Australia Pty Ltd,Preapproved Payment Bill User Payment,AUD,33.62
7/7/2023,23:44:27,ACST,0,General Currency Conversion,CNY,170.38
7/7/2023,23:44:27,ACST,0,General Currency Conversion,AUD,33.62
8/7/2023,14:28:38,ACST,Uber Australia Pty Ltd,Preapproved Payment Bill User Payment,AUD,28.06
8/7/2023,14:28:38,ACST,0,General Currency Conversion,CNY,142.28
8/7/2023,14:28:38,ACST,0,General Currency Conversion,AUD,28.06
8/7/2023,21:41:34,ACST,www.steampowered.com,Preapproved Payment Bill User Payment,AUD,6
8/7/2023,21:41:34,ACST,0,General Currency Conversion,CNY,30.42
8/7/2023,21:41:34,ACST,0,General Currency Conversion,AUD,6
8/7/2023,23:32:50,ACST,Uber Australia Pty Ltd,Preapproved Payment Bill User Payment,AUD,31.99
8/7/2023,23:32:50,ACST,0,General Currency Conversion,CNY,162.21
8/7/2023,23:32:50,ACST,0,General Currency Conversion,AUD,31.99
9/7/2023,1:37:14,ACST,Cram LLC.,Preapproved Payment Bill User Payment,AUD,39.95
9/7/2023,1:37:14,ACST,0,General Currency Conversion,CNY,202.57
9/7/2023,1:37:14,ACST,0,General Currency Conversion,AUD,39.95
9/7/2023,20:43:27,ACST,Uber Australia Pty Ltd,Preapproved Payment Bill User Payment,AUD,37.02
9/7/2023,20:43:27,ACST,0,General Currency Conversion,CNY,187.71
9/7/2023,20:43:27,ACST,0,General Currency Conversion,AUD,37.02
10/7/2023,19:49:52,ACST,Uber Australia Pty Ltd,Preapproved Payment Bill User Payment,AUD,69.16
10/7/2023,19:49:52,ACST,0,General Currency Conversion,CNY,350.68
10/7/2023,19:49:52,ACST,0,General Currency Conversion,AUD,69.16
11/7/2023,20:30:15,ACST,"Wanderer, LLC",Subscription Payment,USD,10
11/7/2023,20:30:15,ACST,0,General Currency Conversion,CNY,75.51
11/7/2023,20:30:15,ACST,0,General Currency Conversion,USD,10
11/7/2023,20:45:32,ACST,Uber Australia Pty Ltd,Preapproved Payment Bill User Payment,AUD,50.18
11/7/2023,20:45:32,ACST,0,General Currency Conversion,CNY,253.72
11/7/2023,20:45:32,ACST,0,General Currency Conversion,AUD,50.18
12/7/2023,0:44:33,ACST,"Blizzard Entertainment, Inc",Preapproved Payment Bill User Payment,AUD,6.95
12/7/2023,0:44:33,ACST,0,General Currency Conversion,CNY,35.24
12/7/2023,0:44:33,ACST,0,General Currency Conversion,AUD,6.95
12/7/2023,0:45:31,ACST,"Blizzard Entertainment, Inc",Preapproved Payment Bill User Payment,AUD,6.95
12/7/2023,0:45:31,ACST,0,General Currency Conversion,CNY,35.24
12/7/2023,0:45:31,ACST,0,General Currency Conversion,AUD,6.95
12/7/2023,23:16:01,ACST,Google Payment Australia Pty Limited,Preapproved Payment Bill User Payment,AUD,6.99
12/7/2023,23:16:01,ACST,0,General Currency Conversion,CNY,35.28
12/7/2023,23:16:01,ACST,0,General Currency Conversion,AUD,6.99
13/7/2023,2:00:06,ACST,Uber Australia Pty Ltd,Preapproved Payment Bill User Payment,AUD,44.97
13/7/2023,2:00:06,ACST,0,General Currency Conversion,CNY,226.95
13/7/2023,2:00:06,ACST,0,General Currency Conversion,AUD,44.97
13/7/2023,7:35:46,ACST,EA Swiss Sarl,Preapproved Payment Bill User Payment,AUD,6.99
13/7/2023,7:35:46,ACST,0,General Currency Conversion,CNY,35.71
13/7/2023,7:35:46,ACST,0,General Currency Conversion,AUD,6.99
13/7/2023,16:44:17,ACST,Uber Australia Pty Ltd,Preapproved Payment Bill User Payment,AUD,37.27
13/7/2023,16:44:17,ACST,0,General Currency Conversion,CNY,190.38
13/7/2023,16:44:17,ACST,0,General Currency Conversion,AUD,37.27
14/7/2023,3:50:50,ACST,www.steampowered.com,Preapproved Payment Bill User Payment,AUD,14.58
14/7/2023,3:50:50,ACST,0,General Currency Conversion,CNY,74.48
14/7/2023,3:50:50,ACST,0,General Currency Conversion,AUD,14.58
14/7/2023,3:51:52,ACST,www.steampowered.com,Preapproved Payment Bill User Payment,AUD,7.29
14/7/2023,3:51:52,ACST,0,General Currency Conversion,CNY,37.24
14/7/2023,3:51:52,ACST,0,General Currency Conversion,AUD,7.29
14/7/2023,17:02:22,ACST,Uber Australia Pty Ltd,Preapproved Payment Bill User Payment,AUD,31.33
14/7/2023,17:02:22,ACST,0,General Currency Conversion,CNY,161.59
14/7/2023,17:02:22,ACST,0,General Currency Conversion,AUD,31.33
14/7/2023,17:27:36,ACST,Uber Australia Pty Ltd,Preapproved Payment Bill User Payment,AUD,36.8
14/7/2023,17:27:36,ACST,0,General Currency Conversion,CNY,189.81
14/7/2023,17:27:36,ACST,0,General Currency Conversion,AUD,36.8
15/7/2023,22:54:08,ACST,Uber Australia Pty Ltd,Preapproved Payment Bill User Payment,AUD,43.98
15/7/2023,22:54:08,ACST,0,General Currency Conversion,CNY,226.23
15/7/2023,22:54:08,ACST,0,General Currency Conversion,AUD,43.98
16/7/2023,0:06:41,ACST,Uber Australia Pty Ltd,Preapproved Payment Bill User Payment,AUD,4.8
16/7/2023,0:06:41,ACST,0,General Currency Conversion,CNY,24.69
16/7/2023,0:06:41,ACST,0,General Currency Conversion,AUD,4.8
16/7/2023,0:36:18,ACST,Uber Australia Pty Ltd,Preapproved Payment Bill User Payment,AUD,27.33
16/7/2023,0:36:18,ACST,0,General Currency Conversion,CNY,140.58
16/7/2023,0:36:18,ACST,0,General Currency Conversion,AUD,27.33
16/7/2023,3:21:53,ACST,NETFLIX AUSTRALIA PTY LTD,Preapproved Payment Bill User Payment,AUD,10.99
16/7/2023,3:21:53,ACST,0,General Currency Conversion,CNY,56.53
16/7/2023,3:21:53,ACST,0,General Currency Conversion,AUD,10.99
16/7/2023,23:00:30,ACST,"Blizzard Entertainment, Inc",Preapproved Payment Bill User Payment,AUD,6.95
16/7/2023,23:00:30,ACST,0,General Currency Conversion,CNY,35.85
16/7/2023,23:00:30,ACST,0,General Currency Conversion,AUD,6.95
17/7/2023,5:40:50,ACST,Uber Australia Pty Ltd,Preapproved Payment Bill User Payment,AUD,39.91
17/7/2023,5:40:50,ACST,0,General Currency Conversion,CNY,205.29
17/7/2023,5:40:50,ACST,0,General Currency Conversion,AUD,39.91
17/7/2023,10:50:03,ACST,EA Swiss Sarl,Preapproved Payment Bill User Payment,AUD,13.49
17/7/2023,10:50:03,ACST,0,General Currency Conversion,CNY,69.39
17/7/2023,10:50:03,ACST,0,General Currency Conversion,AUD,13.49
17/7/2023,20:19:25,ACST,MeWe,Subscription Payment,USD,1.99
17/7/2023,20:19:25,ACST,0,General Currency Conversion,CNY,14.85
17/7/2023,20:19:25,ACST,0,General Currency Conversion,USD,1.99
18/7/2023,15:15:41,ACST,Uber Australia Pty Ltd,Preapproved Payment Bill User Payment,AUD,27.39
18/7/2023,15:15:41,ACST,0,General Currency Conversion,CNY,140.55
18/7/2023,15:15:41,ACST,0,General Currency Conversion,AUD,27.39
19/7/2023,11:05:30,ACST,Uber Australia Pty Ltd,Preapproved Payment Bill User Payment,AUD,37.1
19/7/2023,11:05:30,ACST,0,General Currency Conversion,CNY,190.16
19/7/2023,11:05:30,ACST,0,General Currency Conversion,AUD,37.1
21/7/2023,6:27:28,ACST,Uber Australia Pty Ltd,Preapproved Payment Bill User Payment,AUD,13.9
21/7/2023,6:27:28,ACST,0,General Currency Conversion,CNY,71.46
21/7/2023,6:27:28,ACST,0,General Currency Conversion,AUD,13.9
21/7/2023,6:27:30,ACST,Uber Australia Pty Ltd,Preapproved Payment Bill User Payment,AUD,57.33
21/7/2023,6:27:30,ACST,0,General Currency Conversion,CNY,294.75
21/7/2023,6:27:30,ACST,0,General Currency Conversion,AUD,57.33
22/7/2023,12:30:47,ACST,Uber Australia Pty Ltd,Preapproved Payment Bill User Payment,AUD,35.99
22/7/2023,12:30:47,ACST,0,General Currency Conversion,CNY,183.03
22/7/2023,12:30:47,ACST,0,General Currency Conversion,AUD,35.99
22/7/2023,19:22:29,ACST,AmazingTalker Limited,Preapproved Payment Bill User Payment,USD,247.5
22/7/2023,19:22:29,ACST,0,General Currency Conversion,CNY,1854.24
22/7/2023,19:22:29,ACST,0,General Currency Conversion,USD,247.5
23/7/2023,16:32:21,ACST,Uber Australia Pty Ltd,Preapproved Payment Bill User Payment,AUD,41.27
23/7/2023,16:32:21,ACST,0,General Currency Conversion,CNY,209.88
23/7/2023,16:32:21,ACST,0,General Currency Conversion,AUD,41.27
25/7/2023,20:09:30,ACST,"Blizzard Entertainment, Inc",Preapproved Payment Bill User Payment,AUD,6.95
25/7/2023,20:09:30,ACST,0,General Currency Conversion,CNY,35.34
25/7/2023,20:09:30,ACST,0,General Currency Conversion,AUD,6.95
25/7/2023,23:45:29,ACST,Google Payment Australia Pty Limited,Preapproved Payment Bill User Payment,AUD,5.99
25/7/2023,23:45:29,ACST,0,General Currency Conversion,CNY,30.41
25/7/2023,23:45:29,ACST,0,General Currency Conversion,AUD,5.99
26/7/2023,3:20:37,ACST,Google Payment Australia Pty Limited,Preapproved Payment Bill User Payment,AUD,11.67
26/7/2023,3:20:37,ACST,0,General Currency Conversion,CNY,59.24
26/7/2023,3:20:37,ACST,0,General Currency Conversion,AUD,11.67
26/7/2023,19:02:25,ACST,Uber Australia Pty Ltd,Preapproved Payment Bill User Payment,AUD,38.3
26/7/2023,19:02:25,ACST,0,General Currency Conversion,CNY,194.89
26/7/2023,19:02:25,ACST,0,General Currency Conversion,AUD,38.3
27/7/2023,4:30:39,ACST,Google Payment Australia Pty Limited,Preapproved Payment Bill User Payment,AUD,5.99
27/7/2023,4:30:39,ACST,0,General Currency Conversion,CNY,30.48
27/7/2023,4:30:39,ACST,0,General Currency Conversion,AUD,5.99
27/7/2023,5:30:03,ACST,Google Payment Australia Pty Limited,Preapproved Payment Bill User Payment,AUD,8.99
27/7/2023,5:30:03,ACST,0,General Currency Conversion,CNY,45.75
27/7/2023,5:30:03,ACST,0,General Currency Conversion,AUD,8.99
28/7/2023,1:39:35,ACST,WEMOD LLC,Preapproved Payment Bill User Payment,AUD,7.99
28/7/2023,1:39:35,ACST,0,General Currency Conversion,CNY,40.51
28/7/2023,1:39:35,ACST,0,General Currency Conversion,AUD,7.99
29/7/2023,13:40:47,ACST,Paddle.com Market Limited,Preapproved Payment Bill User Payment,USD,59.88
29/7/2023,13:40:47,ACST,0,General Currency Conversion,CNY,447.71
29/7/2023,13:40:47,ACST,0,General Currency Conversion,USD,59.88
29/7/2023,15:19:19,ACST,Uber Australia Pty Ltd,Preapproved Payment Bill User Payment,AUD,24.5
29/7/2023,15:19:19,ACST,0,General Currency Conversion,CNY,122.98
29/7/2023,15:19:19,ACST,0,General Currency Conversion,AUD,24.5
29/7/2023,15:19:25,ACST,Uber Australia Pty Ltd,Preapproved Payment Bill User Payment,AUD,34.3
29/7/2023,15:19:25,ACST,0,General Currency Conversion,CNY,172.17
29/7/2023,15:19:25,ACST,0,General Currency Conversion,AUD,34.3
29/7/2023,20:55:27,ACST,Hong Kong NetEase Interactive Entertainment Limited,Express Checkout Payment,USD,6.49
29/7/2023,20:55:27,ACST,0,General Currency Conversion,CNY,48.52
29/7/2023,20:55:27,ACST,0,General Currency Conversion,USD,6.49
31/7/2023,18:49:21,ACST,Uber Australia Pty Ltd,Preapproved Payment Bill User Payment,AUD,29.4
31/7/2023,18:49:21,ACST,0,General Currency Conversion,CNY,147.58
31/7/2023,18:49:21,ACST,0,General Currency Conversion,AUD,29.4
1/8/2023,1:43:25,ACST,Google Payment Australia Pty Limited,Preapproved Payment Bill User Payment,AUD,14.95
1/8/2023,1:43:25,ACST,0,General Currency Conversion,CNY,75.04
1/8/2023,1:43:25,ACST,0,General Currency Conversion,AUD,14.95
1/8/2023,1:45:53,ACST,Google Payment Australia Pty Limited,Preapproved Payment Bill User Payment,AUD,13.15
1/8/2023,1:45:53,ACST,0,General Currency Conversion,CNY,66.01
1/8/2023,1:45:53,ACST,0,General Currency Conversion,AUD,13.15
1/8/2023,15:43:52,ACST,Uber Australia Pty Ltd,Preapproved Payment Bill User Payment,AUD,15.5
1/8/2023,15:43:52,ACST,0,General Currency Conversion,CNY,77.91
1/8/2023,15:43:52,ACST,0,General Currency Conversion,AUD,15.5
1/8/2023,21:00:33,ACST,Google Australia Pty Ltd.,Preapproved Payment Bill User Payment,AUD,18.48
1/8/2023,21:00:33,ACST,0,General Currency Conversion,CNY,92.89
1/8/2023,21:00:33,ACST,0,General Currency Conversion,AUD,18.48
1/8/2023,23:48:29,ACST,Black Tree Gaming Limited,Preapproved Payment Bill User Payment,GBP,4.99
1/8/2023,23:48:29,ACST,0,General Currency Conversion,CNY,47.91
1/8/2023,23:48:29,ACST,0,General Currency Conversion,GBP,4.99
2/8/2023,1:20:08,ACST,Google Australia Pty Ltd.,Preapproved Payment Bill User Payment,AUD,0.01
2/8/2023,1:20:08,ACST,0,General Currency Conversion,CNY,0.05
2/8/2023,1:20:08,ACST,0,General Currency Conversion,AUD,0.01
2/8/2023,16:40:35,ACST,Uber Australia Pty Ltd,Preapproved Payment Bill User Payment,AUD,43.9
2/8/2023,16:40:35,ACST,0,General Currency Conversion,CNY,221.1
2/8/2023,16:40:35,ACST,0,General Currency Conversion,AUD,43.9
3/8/2023,10:21:01,ACST,Google Payment Australia Pty Limited,Preapproved Payment Bill User Payment,AUD,14.99
3/8/2023,10:21:01,ACST,0,General Currency Conversion,CNY,74.67
3/8/2023,10:21:01,ACST,0,General Currency Conversion,AUD,14.99
3/8/2023,19:09:44,ACST,Google Payment Australia Pty Limited,Preapproved Payment Bill User Payment,AUD,6.99
3/8/2023,19:09:44,ACST,0,General Currency Conversion,CNY,34.82
3/8/2023,19:09:44,ACST,0,General Currency Conversion,AUD,6.99
4/8/2023,3:39:48,ACST,Uber Australia Pty Ltd,Preapproved Payment Bill User Payment,AUD,9.99
4/8/2023,3:39:48,ACST,0,General Currency Conversion,CNY,49.76
4/8/2023,3:39:48,ACST,0,General Currency Conversion,AUD,9.99
4/8/2023,20:03:30,ACST,"Blizzard Entertainment, Inc",Preapproved Payment Bill User Payment,AUD,6.95
4/8/2023,20:03:30,ACST,0,General Currency Conversion,CNY,35
4/8/2023,20:03:30,ACST,0,General Currency Conversion,AUD,6.95
5/8/2023,21:06:01,ACST,Google,Preapproved Payment Bill User Payment,USD,32.31
5/8/2023,21:06:01,ACST,0,General Currency Conversion,CNY,242.16
5/8/2023,21:06:01,ACST,0,General Currency Conversion,USD,32.31
6/8/2023,0:57:28,ACST,Uber Australia Pty Ltd,Preapproved Payment Bill User Payment,AUD,29.38
6/8/2023,0:57:28,ACST,0,General Currency Conversion,CNY,145.54
6/8/2023,0:57:28,ACST,0,General Currency Conversion,AUD,29.38
6/8/2023,20:43:50,ACST,JBMC Software,Subscription Payment,USD,5
6/8/2023,20:43:50,ACST,0,General Currency Conversion,CNY,37.48
6/8/2023,20:43:50,ACST,0,General Currency Conversion,USD,5
7/8/2023,2:55:52,ACST,Uber Australia Pty Ltd,Preapproved Payment Bill User Payment,AUD,38.61
7/8/2023,2:55:52,ACST,0,General Currency Conversion,CNY,191.26
7/8/2023,2:55:52,ACST,0,General Currency Conversion,AUD,38.61
7/8/2023,3:41:51,ACST,Google Payment Australia Pty Limited,Preapproved Payment Bill User Payment,AUD,5.99
7/8/2023,3:41:51,ACST,0,General Currency Conversion,CNY,29.67
7/8/2023,3:41:51,ACST,0,General Currency Conversion,AUD,5.99
7/8/2023,11:50:55,ACST,Uber Australia Pty Ltd,Preapproved Payment Bill User Payment,AUD,32.01
7/8/2023,11:50:55,ACST,0,General Currency Conversion,CNY,158.57
7/8/2023,11:50:55,ACST,0,General Currency Conversion,AUD,32.01
8/8/2023,5:38:04,ACST,Uber Australia Pty Ltd,Preapproved Payment Bill User Payment,AUD,28.79
8/8/2023,5:38:04,ACST,0,General Currency Conversion,CNY,142.62
8/8/2023,5:38:04,ACST,0,General Currency Conversion,AUD,28.79
9/8/2023,1:20:38,ACST,Google Payment Hong Kong Ltd.,Preapproved Payment Bill User Payment,HKD,125
9/8/2023,1:20:38,ACST,0,General Currency Conversion,CNY,120.2
9/8/2023,1:20:38,ACST,0,General Currency Conversion,HKD,125
9/8/2023,1:37:14,ACST,Cram LLC.,Preapproved Payment Bill User Payment,AUD,39.95
9/8/2023,1:37:14,ACST,0,General Currency Conversion,CNY,197.68
9/8/2023,1:37:14,ACST,0,General Currency Conversion,AUD,39.95
9/8/2023,21:09:23,ACST,Uber Australia Pty Ltd,Preapproved Payment Bill User Payment,AUD,49.57
9/8/2023,21:09:23,ACST,0,General Currency Conversion,CNY,246.23
9/8/2023,21:09:23,ACST,0,General Currency Conversion,AUD,49.57
11/8/2023,8:26:28,ACST,Uber Australia Pty Ltd,Preapproved Payment Bill User Payment,AUD,63.04
11/8/2023,8:26:28,ACST,0,General Currency Conversion,CNY,312.59
11/8/2023,8:26:28,ACST,0,General Currency Conversion,AUD,63.04
11/8/2023,14:10:00,ACST,Uber Australia Pty Ltd,Preapproved Payment Bill User Payment,AUD,25.1
11/8/2023,14:10:00,ACST,0,General Currency Conversion,CNY,125.33
11/8/2023,14:10:00,ACST,0,General Currency Conversion,AUD,25.1
11/8/2023,19:49:35,ACST,"Wanderer, LLC",Subscription Payment,USD,10
11/8/2023,19:49:35,ACST,0,General Currency Conversion,CNY,75.47
11/8/2023,19:49:35,ACST,0,General Currency Conversion,USD,10
11/8/2023,20:56:30,ACST,"Blizzard Entertainment, Inc",Preapproved Payment Bill User Payment,AUD,6.95
11/8/2023,20:56:30,ACST,0,General Currency Conversion,CNY,34.52
11/8/2023,20:56:30,ACST,0,General Currency Conversion,AUD,6.95
11/8/2023,20:56:45,ACST,Google Payment Australia Pty Limited,Preapproved Payment Bill User Payment,AUD,2.99
11/8/2023,20:56:45,ACST,0,General Currency Conversion,CNY,14.93
11/8/2023,20:56:45,ACST,0,General Currency Conversion,AUD,2.99
11/8/2023,20:57:31,ACST,"Blizzard Entertainment, Inc",Preapproved Payment Bill User Payment,AUD,6.95
11/8/2023,20:57:31,ACST,0,General Currency Conversion,CNY,34.52
11/8/2023,20:57:31,ACST,0,General Currency Conversion,AUD,6.95
12/8/2023,23:16:01,ACST,Google Payment Australia Pty Limited,Preapproved Payment Bill User Payment,AUD,6.99
12/8/2023,23:16:01,ACST,0,General Currency Conversion,CNY,34.55
12/8/2023,23:16:01,ACST,0,General Currency Conversion,AUD,6.99
13/8/2023,7:35:07,ACST,EA Swiss Sarl,Preapproved Payment Bill User Payment,AUD,6.99
13/8/2023,7:35:07,ACST,0,General Currency Conversion,CNY,34.55
13/8/2023,7:35:07,ACST,0,General Currency Conversion,AUD,6.99
13/8/2023,15:52:46,ACST,Uber Australia Pty Ltd,Preapproved Payment Bill User Payment,AUD,44.32
13/8/2023,15:52:46,ACST,0,General Currency Conversion,CNY,219.08
13/8/2023,15:52:46,ACST,0,General Currency Conversion,AUD,44.32
14/8/2023,19:19:56,ACST,"Ithaka Harbors, Inc",Express Checkout Payment,USD,14
14/8/2023,19:19:56,ACST,0,General Currency Conversion,CNY,105.92
14/8/2023,19:19:56,ACST,0,General Currency Conversion,USD,14
14/8/2023,20:01:30,ACST,Uber Australia Pty Ltd,Preapproved Payment Bill User Payment,AUD,39.3
14/8/2023,20:01:30,ACST,0,General Currency Conversion,CNY,194.26
14/8/2023,20:01:30,ACST,0,General Currency Conversion,AUD,39.3
16/8/2023,4:07:26,ACST,NETFLIX AUSTRALIA PTY LTD,Preapproved Payment Bill User Payment,AUD,10.99
16/8/2023,4:07:26,ACST,0,General Currency Conversion,CNY,54.33
16/8/2023,4:07:26,ACST,0,General Currency Conversion,AUD,10.99
17/8/2023,14:59:22,ACST,Uber Australia Pty Ltd,Preapproved Payment Bill User Payment,AUD,52.33
17/8/2023,14:59:22,ACST,0,General Currency Conversion,CNY,259.38
17/8/2023,14:59:22,ACST,0,General Currency Conversion,AUD,52.33
17/8/2023,19:32:42,ACST,MeWe,Subscription Payment,USD,1.99
17/8/2023,19:32:42,ACST,0,General Currency Conversion,CNY,15.22
17/8/2023,19:32:42,ACST,0,General Currency Conversion,USD,1.99
18/8/2023,22:38:55,ACST,Officeworks Ltd,Express Checkout Payment,AUD,129
18/8/2023,22:38:55,ACST,0,General Currency Conversion,CNY,637.04
18/8/2023,22:38:55,ACST,0,General Currency Conversion,AUD,129
19/8/2023,15:55:06,ACST,Uber Australia Pty Ltd,Preapproved Payment Bill User Payment,AUD,7.4
19/8/2023,15:55:06,ACST,0,General Currency Conversion,CNY,36.27
19/8/2023,15:55:06,ACST,0,General Currency Conversion,AUD,7.4
19/8/2023,21:06:51,ACST,Uber Australia Pty Ltd,Preapproved Payment Bill User Payment,AUD,45.24
19/8/2023,21:06:51,ACST,0,General Currency Conversion,CNY,221.73
19/8/2023,21:06:51,ACST,0,General Currency Conversion,AUD,45.24
20/8/2023,17:12:42,ACST,Uber Australia Pty Ltd,Preapproved Payment Bill User Payment,AUD,48.8
20/8/2023,17:12:42,ACST,0,General Currency Conversion,CNY,239.17
20/8/2023,17:12:42,ACST,0,General Currency Conversion,AUD,48.8
21/8/2023,14:14:06,ACST,Uber Australia Pty Ltd,Preapproved Payment Bill User Payment,AUD,21.67
21/8/2023,14:14:06,ACST,0,General Currency Conversion,CNY,106.21
21/8/2023,14:14:06,ACST,0,General Currency Conversion,AUD,21.67
22/8/2023,5:55:21,ACST,Uber Australia Pty Ltd,Preapproved Payment Bill User Payment,AUD,38.54
22/8/2023,5:55:21,ACST,0,General Currency Conversion,CNY,188.89
22/8/2023,5:55:21,ACST,0,General Currency Conversion,AUD,38.54
22/8/2023,19:04:51,ACST,Uber Australia Pty Ltd,Preapproved Payment Bill User Payment,AUD,28.07
22/8/2023,19:04:51,ACST,0,General Currency Conversion,CNY,137.74
22/8/2023,19:04:51,ACST,0,General Currency Conversion,AUD,28.07
23/8/2023,18:18:58,ACST,Uber Australia Pty Ltd,Preapproved Payment Bill User Payment,AUD,34.19
23/8/2023,18:18:58,ACST,0,General Currency Conversion,CNY,168.28
23/8/2023,18:18:58,ACST,0,General Currency Conversion,AUD,34.19
24/8/2023,21:56:04,ACST,Uber Australia Pty Ltd,Preapproved Payment Bill User Payment,AUD,44.19
24/8/2023,21:56:04,ACST,0,General Currency Conversion,CNY,218.02
24/8/2023,21:56:04,ACST,0,General Currency Conversion,AUD,44.19
25/8/2023,23:45:29,ACST,Google Payment Australia Pty Limited,Preapproved Payment Bill User Payment,AUD,5.99
25/8/2023,23:45:29,ACST,0,General Currency Conversion,CNY,29.53
25/8/2023,23:45:29,ACST,0,General Currency Conversion,AUD,5.99
26/8/2023,1:22:38,ACST,Uber Australia Pty Ltd,Preapproved Payment Bill User Payment,AUD,40.99
26/8/2023,1:22:38,ACST,0,General Currency Conversion,CNY,202.08
26/8/2023,1:22:38,ACST,0,General Currency Conversion,AUD,40.99
26/8/2023,3:20:35,ACST,Google Payment Australia Pty Limited,Preapproved Payment Bill User Payment,AUD,11.67
26/8/2023,3:20:35,ACST,0,General Currency Conversion,CNY,57.53
26/8/2023,3:20:35,ACST,0,General Currency Conversion,AUD,11.67
26/8/2023,19:04:29,ACST,Uber Australia Pty Ltd,Preapproved Payment Bill User Payment,AUD,33.81
26/8/2023,19:04:29,ACST,0,General Currency Conversion,CNY,165.64
26/8/2023,19:04:29,ACST,0,General Currency Conversion,AUD,33.81
27/8/2023,4:30:35,ACST,Google Payment Australia Pty Limited,Preapproved Payment Bill User Payment,AUD,5.99
27/8/2023,4:30:35,ACST,0,General Currency Conversion,CNY,29.35
27/8/2023,4:30:35,ACST,0,General Currency Conversion,AUD,5.99
27/8/2023,5:30:03,ACST,Google Payment Australia Pty Limited,Preapproved Payment Bill User Payment,AUD,8.99
27/8/2023,5:30:03,ACST,0,General Currency Conversion,CNY,44.04
27/8/2023,5:30:03,ACST,0,General Currency Conversion,AUD,8.99
27/8/2023,19:50:22,ACST,Uber Australia Pty Ltd,Preapproved Payment Bill User Payment,AUD,39.3
27/8/2023,19:50:22,ACST,0,General Currency Conversion,CNY,192.54
27/8/2023,19:50:22,ACST,0,General Currency Conversion,AUD,39.3
28/8/2023,1:39:34,ACST,WEMOD LLC,Preapproved Payment Bill User Payment,AUD,7.99
28/8/2023,1:39:34,ACST,0,General Currency Conversion,CNY,39.14
28/8/2023,1:39:34,ACST,0,General Currency Conversion,AUD,7.99
28/8/2023,23:11:00,ACST,Uber Australia Pty Ltd,Preapproved Payment Bill User Payment,AUD,39.25
28/8/2023,23:11:00,ACST,0,General Currency Conversion,CNY,192.29
28/8/2023,23:11:00,ACST,0,General Currency Conversion,AUD,39.25
30/8/2023,0:37:06,ACST,Google Payment Australia Pty Limited,Preapproved Payment Bill User Payment,AUD,9.99
30/8/2023,0:37:06,ACST,0,General Currency Conversion,CNY,48.96
30/8/2023,0:37:06,ACST,0,General Currency Conversion,AUD,9.99
30/8/2023,0:55:43,ACST,Uber Australia Pty Ltd,Preapproved Payment Bill User Payment,AUD,62.34
30/8/2023,0:55:43,ACST,0,General Currency Conversion,CNY,305.52
30/8/2023,0:55:43,ACST,0,General Currency Conversion,AUD,62.34
1/9/2023,3:31:32,ACST,"Blizzard Entertainment, Inc",Preapproved Payment Bill User Payment,AUD,6.95
1/9/2023,3:31:32,ACST,0,General Currency Conversion,CNY,34.06
1/9/2023,3:31:32,ACST,0,General Currency Conversion,AUD,6.95
1/9/2023,6:37:07,ACST,www.steampowered.com,Preapproved Payment Bill User Payment,AUD,8.79
1/9/2023,6:37:07,ACST,0,General Currency Conversion,CNY,43.62
1/9/2023,6:37:07,ACST,0,General Currency Conversion,AUD,8.79
1/9/2023,22:51:59,ACST,Google Australia Pty Ltd.,Preapproved Payment Bill User Payment,AUD,18.48
1/9/2023,22:51:59,ACST,0,General Currency Conversion,CNY,91.49
1/9/2023,22:51:59,ACST,0,General Currency Conversion,AUD,18.48
2/9/2023,0:03:15,ACST,Black Tree Gaming Limited,Preapproved Payment Bill User Payment,GBP,4.99
2/9/2023,0:03:15,ACST,0,General Currency Conversion,CNY,48.34
2/9/2023,0:03:15,ACST,0,General Currency Conversion,GBP,4.99
2/9/2023,4:11:07,ACST,Google Australia Pty Ltd.,Preapproved Payment Bill User Payment,AUD,0.01
2/9/2023,4:11:07,ACST,0,General Currency Conversion,CNY,0.05
2/9/2023,4:11:07,ACST,0,General Currency Conversion,AUD,0.01
2/9/2023,21:41:03,ACST,Uber Australia Pty Ltd,Preapproved Payment Bill User Payment,AUD,29.96
2/9/2023,21:41:03,ACST,0,General Currency Conversion,CNY,148.12
2/9/2023,21:41:03,ACST,0,General Currency Conversion,AUD,29.96
2/9/2023,21:41:04,ACST,Uber Australia Pty Ltd,Preapproved Payment Bill User Payment,AUD,12.6
2/9/2023,21:41:04,ACST,0,General Currency Conversion,CNY,62.3
2/9/2023,21:41:04,ACST,0,General Currency Conversion,AUD,12.6
2/9/2023,23:12:24,ACST,Google Payment Hong Kong Ltd.,Preapproved Payment Bill User Payment,HKD,25
2/9/2023,23:12:24,ACST,0,General Currency Conversion,CNY,24.17
2/9/2023,23:12:24,ACST,0,General Currency Conversion,HKD,25
3/9/2023,10:21:01,ACST,Google Payment Australia Pty Limited,Preapproved Payment Bill User Payment,AUD,14.99
3/9/2023,10:21:01,ACST,0,General Currency Conversion,CNY,74.11
3/9/2023,10:21:01,ACST,0,General Currency Conversion,AUD,14.99
3/9/2023,13:53:56,ACST,www.steampowered.com,Preapproved Payment Bill User Payment,AUD,27.17
3/9/2023,13:53:56,ACST,0,General Currency Conversion,CNY,134.33
3/9/2023,13:53:56,ACST,0,General Currency Conversion,AUD,27.17
3/9/2023,19:09:44,ACST,Google Payment Australia Pty Limited,Preapproved Payment Bill User Payment,AUD,6.99
3/9/2023,19:09:44,ACST,0,General Currency Conversion,CNY,34.56
3/9/2023,19:09:44,ACST,0,General Currency Conversion,AUD,6.99
4/9/2023,3:39:48,ACST,Uber Australia Pty Ltd,Preapproved Payment Bill User Payment,AUD,9.99
4/9/2023,3:39:48,ACST,0,General Currency Conversion,CNY,49.39
4/9/2023,3:39:48,ACST,0,General Currency Conversion,AUD,9.99
4/9/2023,8:26:37,ACST,Uber Australia Pty Ltd,Preapproved Payment Bill User Payment,AUD,64.25
4/9/2023,8:26:37,ACST,0,General Currency Conversion,CNY,317.66
4/9/2023,8:26:37,ACST,0,General Currency Conversion,AUD,64.25
4/9/2023,18:09:30,ACST,Uber Australia Pty Ltd,Preapproved Payment Bill User Payment,AUD,25
4/9/2023,18:09:30,ACST,0,General Currency Conversion,CNY,123.6
4/9/2023,18:09:30,ACST,0,General Currency Conversion,AUD,25
5/9/2023,11:44:38,ACST,Uber Australia Pty Ltd,Preapproved Payment Bill User Payment,AUD,21.6
5/9/2023,11:44:38,ACST,0,General Currency Conversion,CNY,106.13
5/9/2023,11:44:38,ACST,0,General Currency Conversion,AUD,21.6
6/9/2023,21:09:15,ACST,JBMC Software,Subscription Payment,USD,5
6/9/2023,21:09:15,ACST,0,General Currency Conversion,CNY,38.08
6/9/2023,21:09:15,ACST,0,General Currency Conversion,USD,5
7/9/2023,3:41:51,ACST,Google Payment Australia Pty Limited,Preapproved Payment Bill User Payment,AUD,5.99
7/9/2023,3:41:51,ACST,0,General Currency Conversion,CNY,29.49
7/9/2023,3:41:51,ACST,0,General Currency Conversion,AUD,5.99
7/9/2023,10:49:36,ACST,Uber Australia Pty Ltd,Preapproved Payment Bill User Payment,AUD,57.63
7/9/2023,10:49:36,ACST,0,General Currency Conversion,CNY,281.75
7/9/2023,10:49:36,ACST,0,General Currency Conversion,AUD,57.63
7/9/2023,14:33:11,ACST,Uber Australia Pty Ltd,Preapproved Payment Bill User Payment,AUD,16.78
7/9/2023,14:33:11,ACST,0,General Currency Conversion,CNY,82.04
7/9/2023,14:33:11,ACST,0,General Currency Conversion,AUD,16.78
7/9/2023,18:07:45,ACST,AmazingTalker Limited,Preapproved Payment Bill User Payment,USD,247.5
7/9/2023,18:07:45,ACST,0,General Currency Conversion,CNY,1889.2
7/9/2023,18:07:45,ACST,0,General Currency Conversion,USD,247.5
9/9/2023,1:37:14,ACST,Cram LLC.,Preapproved Payment Bill User Payment,AUD,39.95
9/9/2023,1:37:14,ACST,0,General Currency Conversion,CNY,195.49
9/9/2023,1:37:14,ACST,0,General Currency Conversion,AUD,39.95
9/9/2023,23:14:11,ACST,Uber Australia Pty Ltd,Preapproved Payment Bill User Payment,AUD,68.63
9/9/2023,23:14:11,ACST,0,General Currency Conversion,CNY,337.89
9/9/2023,23:14:11,ACST,0,General Currency Conversion,AUD,68.63
10/9/2023,12:53:11,ACST,Packt Publishing Limited,Preapproved Payment Bill User Payment,AUD,209.99
10/9/2023,12:53:11,ACST,0,General Currency Conversion,CNY,1033.87
10/9/2023,12:53:11,ACST,0,General Currency Conversion,AUD,209.99
11/9/2023,13:39:47,ACST,Neuron Mobility (Australia) Pty Ltd,Preapproved Payment Bill User Payment,AUD,5.08
11/9/2023,13:39:47,ACST,0,General Currency Conversion,CNY,25.01
11/9/2023,13:39:47,ACST,0,General Currency Conversion,AUD,5.08
11/9/2023,20:00:04,ACST,"Wanderer, LLC",Subscription Payment,USD,10
11/9/2023,20:00:04,ACST,0,General Currency Conversion,CNY,76.75
11/9/2023,20:00:04,ACST,0,General Currency Conversion,USD,10
12/9/2023,23:16:01,ACST,Google Payment Australia Pty Limited,Preapproved Payment Bill User Payment,AUD,6.99
12/9/2023,23:16:01,ACST,0,General Currency Conversion,CNY,34.59
12/9/2023,23:16:01,ACST,0,General Currency Conversion,AUD,6.99
13/9/2023,7:37:39,ACST,EA Swiss Sarl,Preapproved Payment Bill User Payment,AUD,6.99
13/9/2023,7:37:39,ACST,0,General Currency Conversion,CNY,34.3
13/9/2023,7:37:39,ACST,0,General Currency Conversion,AUD,6.99
13/9/2023,12:59:21,ACST,Apple Services,Preapproved Payment Bill User Payment,AUD,1.99
13/9/2023,12:59:21,ACST,0,General Currency Conversion,CNY,9.76
13/9/2023,12:59:21,ACST,0,General Currency Conversion,AUD,1.99
13/9/2023,16:05:46,ACST,Uber Australia Pty Ltd,Preapproved Payment Bill User Payment,AUD,60.18
13/9/2023,16:05:46,ACST,0,General Currency Conversion,CNY,295.29
13/9/2023,16:05:46,ACST,0,General Currency Conversion,AUD,60.18
14/9/2023,17:09:38,ACST,Uber Australia Pty Ltd,Preapproved Payment Bill User Payment,AUD,75.69
14/9/2023,17:09:38,ACST,0,General Currency Conversion,CNY,370.62
14/9/2023,17:09:38,ACST,0,General Currency Conversion,AUD,75.69
16/9/2023,3:51:07,ACST,NETFLIX AUSTRALIA PTY LTD,Preapproved Payment Bill User Payment,AUD,10.99
16/9/2023,3:51:07,ACST,0,General Currency Conversion,CNY,53.96
16/9/2023,3:51:07,ACST,0,General Currency Conversion,AUD,10.99
17/9/2023,19:50:15,ACST,MeWe,Subscription Payment,USD,1.99
17/9/2023,19:50:15,ACST,0,General Currency Conversion,CNY,15.12
17/9/2023,19:50:15,ACST,0,General Currency Conversion,USD,1.99
18/9/2023,14:18:42,ACST,Uber Australia Pty Ltd,Preapproved Payment Bill User Payment,AUD,22.14
18/9/2023,14:18:42,ACST,0,General Currency Conversion,CNY,108.91
18/9/2023,14:18:42,ACST,0,General Currency Conversion,AUD,22.14
25/9/2023,23:45:30,ACST,Google Payment Australia Pty Limited,Preapproved Payment Bill User Payment,AUD,5.99
25/9/2023,23:45:30,ACST,0,General Currency Conversion,CNY,29.52
25/9/2023,23:45:30,ACST,0,General Currency Conversion,AUD,5.99
26/9/2023,3:20:37,ACST,Google Payment Australia Pty Limited,Preapproved Payment Bill User Payment,AUD,11.67
26/9/2023,3:20:37,ACST,0,General Currency Conversion,CNY,57.5
26/9/2023,3:20:37,ACST,0,General Currency Conversion,AUD,11.67
27/9/2023,4:30:36,ACST,Google Payment Australia Pty Limited,Preapproved Payment Bill User Payment,AUD,5.99
27/9/2023,4:30:36,ACST,0,General Currency Conversion,CNY,29.46
27/9/2023,4:30:36,ACST,0,General Currency Conversion,AUD,5.99
27/9/2023,5:30:03,ACST,Google Payment Australia Pty Limited,Preapproved Payment Bill User Payment,AUD,8.99
27/9/2023,5:30:03,ACST,0,General Currency Conversion,CNY,44.21
27/9/2023,5:30:03,ACST,0,General Currency Conversion,AUD,8.99
28/9/2023,1:39:34,ACST,WEMOD LLC,Preapproved Payment Bill User Payment,AUD,7.99
28/9/2023,1:39:34,ACST,0,General Currency Conversion,CNY,39.16
28/9/2023,1:39:34,ACST,0,General Currency Conversion,AUD,7.99
1/10/2023,22:27:40,ACDT,Google Australia Pty Ltd.,Preapproved Payment Bill User Payment,AUD,18.48
1/10/2023,22:27:40,ACDT,0,General Currency Conversion,CNY,91.34
1/10/2023,22:27:40,ACDT,0,General Currency Conversion,AUD,18.48
2/10/2023,0:23:24,ACDT,Black Tree Gaming Limited,Preapproved Payment Bill User Payment,GBP,4.99
2/10/2023,0:23:24,ACDT,0,General Currency Conversion,CNY,46.56
2/10/2023,0:23:24,ACDT,0,General Currency Conversion,GBP,4.99
2/10/2023,2:50:24,ACDT,Google Australia Pty Ltd.,Preapproved Payment Bill User Payment,AUD,0.01
2/10/2023,2:50:24,ACDT,0,General Currency Conversion,CNY,0.05
2/10/2023,2:50:24,ACDT,0,General Currency Conversion,AUD,0.01
3/10/2023,0:12:03,ACDT,Google Payment Hong Kong Ltd.,Preapproved Payment Bill User Payment,HKD,25
3/10/2023,0:12:03,ACDT,0,General Currency Conversion,CNY,24.29
3/10/2023,0:12:03,ACDT,0,General Currency Conversion,HKD,25
3/10/2023,11:21:01,ACDT,Google Payment Australia Pty Limited,Preapproved Payment Bill User Payment,AUD,14.99
3/10/2023,11:21:01,ACDT,0,General Currency Conversion,CNY,73.69
3/10/2023,11:21:01,ACDT,0,General Currency Conversion,AUD,14.99
3/10/2023,19:09:44,ACDT,Google Payment Australia Pty Limited,Preapproved Payment Bill User Payment,AUD,6.99
3/10/2023,19:09:44,ACDT,0,General Currency Conversion,CNY,34.36
3/10/2023,19:09:44,ACDT,0,General Currency Conversion,AUD,6.99
4/10/2023,4:39:48,ACDT,Uber Australia Pty Ltd,Preapproved Payment Bill User Payment,AUD,9.99
4/10/2023,4:39:48,ACDT,0,General Currency Conversion,CNY,49.11
4/10/2023,4:39:48,ACDT,0,General Currency Conversion,AUD,9.99
6/10/2023,20:37:27,ACDT,JBMC Software,Subscription Payment,USD,5
6/10/2023,20:37:27,ACDT,0,General Currency Conversion,CNY,38.15
6/10/2023,20:37:27,ACDT,0,General Currency Conversion,USD,5
7/10/2023,3:41:51,ACDT,Google Payment Australia Pty Limited,Preapproved Payment Bill User Payment,AUD,5.99
7/10/2023,3:41:51,ACDT,0,General Currency Conversion,CNY,29.15
7/10/2023,3:41:51,ACDT,0,General Currency Conversion,AUD,5.99
9/10/2023,2:37:15,ACDT,Cram LLC.,Preapproved Payment Bill User Payment,AUD,39.95
9/10/2023,2:37:15,ACDT,0,General Currency Conversion,CNY,195.02
9/10/2023,2:37:15,ACDT,0,General Currency Conversion,AUD,39.95
11/10/2023,21:46:33,ACDT,"Wanderer, LLC",Subscription Payment,USD,10
11/10/2023,21:46:33,ACDT,0,General Currency Conversion,CNY,76.06
11/10/2023,21:46:33,ACDT,0,General Currency Conversion,USD,10
12/10/2023,23:16:01,ACDT,Google Payment Australia Pty Limited,Preapproved Payment Bill User Payment,AUD,6.99
12/10/2023,23:16:01,ACDT,0,General Currency Conversion,CNY,34.28
12/10/2023,23:16:01,ACDT,0,General Currency Conversion,AUD,6.99
13/10/2023,8:34:55,ACDT,EA Swiss Sarl,Preapproved Payment Bill User Payment,AUD,6.99
13/10/2023,8:34:55,ACDT,0,General Currency Conversion,CNY,34.24
13/10/2023,8:34:55,ACDT,0,General Currency Conversion,AUD,6.99
16/10/2023,4:16:59,ACDT,NETFLIX AUSTRALIA PTY LTD,Preapproved Payment Bill User Payment,AUD,10.99
16/10/2023,4:16:59,ACDT,0,General Currency Conversion,CNY,53.04
16/10/2023,4:16:59,ACDT,0,General Currency Conversion,AUD,10.99
17/10/2023,21:29:25,ACDT,MeWe,Subscription Payment,USD,1.99
17/10/2023,21:29:25,ACDT,0,General Currency Conversion,CNY,15.17
17/10/2023,21:29:25,ACDT,0,General Currency Conversion,USD,1.99
25/10/2023,23:45:30,ACDT,Google Payment Australia Pty Limited,Preapproved Payment Bill User Payment,AUD,5.99
25/10/2023,23:45:30,ACDT,0,General Currency Conversion,CNY,29.15
25/10/2023,23:45:30,ACDT,0,General Currency Conversion,AUD,5.99
26/10/2023,4:20:37,ACDT,Google Payment Australia Pty Limited,Preapproved Payment Bill User Payment,AUD,11.67
26/10/2023,4:20:37,ACDT,0,General Currency Conversion,CNY,56.8
26/10/2023,4:20:37,ACDT,0,General Currency Conversion,AUD,11.67
27/10/2023,4:30:35,ACDT,Google Payment Australia Pty Limited,Preapproved Payment Bill User Payment,AUD,5.99
27/10/2023,4:30:35,ACDT,0,General Currency Conversion,CNY,29.27
27/10/2023,4:30:35,ACDT,0,General Currency Conversion,AUD,5.99
27/10/2023,6:00:03,ACDT,Google Payment Australia Pty Limited,Preapproved Payment Bill User Payment,AUD,8.99
27/10/2023,6:00:03,ACDT,0,General Currency Conversion,CNY,43.93
27/10/2023,6:00:03,ACDT,0,General Currency Conversion,AUD,8.99
28/10/2023,2:39:34,ACDT,WEMOD LLC,Preapproved Payment Bill User Payment,AUD,7.99
28/10/2023,2:39:34,ACDT,0,General Currency Conversion,CNY,38.64
28/10/2023,2:39:34,ACDT,0,General Currency Conversion,AUD,7.99
1/11/2023,21:46:37,ACDT,Google Australia Pty Ltd.,Preapproved Payment Bill User Payment,AUD,18.48
1/11/2023,21:46:37,ACDT,0,General Currency Conversion,CNY,90.15
1/11/2023,21:46:37,ACDT,0,General Currency Conversion,AUD,18.48
2/11/2023,0:48:09,ACDT,Black Tree Gaming Limited,Preapproved Payment Bill User Payment,GBP,4.99
2/11/2023,0:48:09,ACDT,0,General Currency Conversion,CNY,46.58
2/11/2023,0:48:09,ACDT,0,General Currency Conversion,GBP,4.99
2/11/2023,2:45:28,ACDT,Google Australia Pty Ltd.,Preapproved Payment Bill User Payment,AUD,0.01
2/11/2023,2:45:28,ACDT,0,General Currency Conversion,CNY,0.05
2/11/2023,2:45:28,ACDT,0,General Currency Conversion,AUD,0.01
3/11/2023,0:12:05,ACDT,Google Payment Hong Kong Ltd.,Preapproved Payment Bill User Payment,HKD,25
3/11/2023,0:12:05,ACDT,0,General Currency Conversion,CNY,24.45
3/11/2023,0:12:05,ACDT,0,General Currency Conversion,HKD,25
3/11/2023,11:21:02,ACDT,Google Payment Australia Pty Limited,Preapproved Payment Bill User Payment,AUD,14.99
3/11/2023,11:21:02,ACDT,0,General Currency Conversion,CNY,73.97
3/11/2023,11:21:02,ACDT,0,General Currency Conversion,AUD,14.99
3/11/2023,19:09:44,ACDT,Google Payment Australia Pty Limited,Preapproved Payment Bill User Payment,AUD,6.99
3/11/2023,19:09:44,ACDT,0,General Currency Conversion,CNY,34.49
3/11/2023,19:09:44,ACDT,0,General Currency Conversion,AUD,6.99
6/11/2023,21:11:58,ACDT,JBMC Software,Subscription Payment,USD,5
6/11/2023,21:11:58,ACDT,0,General Currency Conversion,CNY,38.18
6/11/2023,21:11:58,ACDT,0,General Currency Conversion,USD,5
7/11/2023,3:41:52,ACDT,Google Payment Australia Pty Limited,Preapproved Payment Bill User Payment,AUD,5.99
7/11/2023,3:41:52,ACDT,0,General Currency Conversion,CNY,29.82
7/11/2023,3:41:52,ACDT,0,General Currency Conversion,AUD,5.99
9/11/2023,2:37:14,ACDT,Cram LLC.,Preapproved Payment Bill User Payment,AUD,39.95
9/11/2023,2:37:14,ACDT,0,General Currency Conversion,CNY,197.36
9/11/2023,2:37:14,ACDT,0,General Currency Conversion,AUD,39.95
11/11/2023,20:34:50,ACDT,"Wanderer, LLC",Subscription Payment,USD,10
11/11/2023,20:34:50,ACDT,0,General Currency Conversion,CNY,76.12
11/11/2023,20:34:50,ACDT,0,General Currency Conversion,USD,10
12/11/2023,23:16:02,ACDT,Google Payment Australia Pty Limited,Preapproved Payment Bill User Payment,AUD,6.99
12/11/2023,23:16:02,ACDT,0,General Currency Conversion,CNY,33.9
12/11/2023,23:16:02,ACDT,0,General Currency Conversion,AUD,6.99
13/11/2023,8:35:28,ACDT,EA Swiss Sarl,Preapproved Payment Bill User Payment,AUD,6.99
13/11/2023,8:35:28,ACDT,0,General Currency Conversion,CNY,33.9
13/11/2023,8:35:28,ACDT,0,General Currency Conversion,AUD,6.99
16/11/2023,4:49:01,ACDT,NETFLIX AUSTRALIA PTY LTD,Preapproved Payment Bill User Payment,AUD,10.99
16/11/2023,4:49:01,ACDT,0,General Currency Conversion,CNY,54.47
16/11/2023,4:49:01,ACDT,0,General Currency Conversion,AUD,10.99
17/11/2023,21:35:52,ACDT,MeWe,Subscription Payment,USD,1.99
17/11/2023,21:35:52,ACDT,0,General Currency Conversion,CNY,15.07
17/11/2023,21:35:52,ACDT,0,General Currency Conversion,USD,1.99
22/11/2023,6:32:36,ACDT,ADOBE SYSTEMS PTY LTD,Preapproved Payment Bill User Payment,AUD,527.87
22/11/2023,6:32:36,ACDT,0,General Currency Conversion,CNY,2608.14
22/11/2023,6:32:36,ACDT,0,General Currency Conversion,AUD,527.87
25/11/2023,23:45:29,ACDT,Google Payment Australia Pty Limited,Preapproved Payment Bill User Payment,AUD,5.99
25/11/2023,23:45:29,ACDT,0,General Currency Conversion,CNY,29.45
25/11/2023,23:45:29,ACDT,0,General Currency Conversion,AUD,5.99
26/11/2023,4:21:05,ACDT,Google Payment Australia Pty Limited,Preapproved Payment Bill User Payment,AUD,11.67
26/11/2023,4:21:05,ACDT,0,General Currency Conversion,CNY,57.37
26/11/2023,4:21:05,ACDT,0,General Currency Conversion,AUD,11.67
27/11/2023,4:30:35,ACDT,Google Payment Australia Pty Limited,Preapproved Payment Bill User Payment,AUD,5.99
27/11/2023,4:30:35,ACDT,0,General Currency Conversion,CNY,29.45
27/11/2023,4:30:35,ACDT,0,General Currency Conversion,AUD,5.99
27/11/2023,6:00:03,ACDT,Google Payment Australia Pty Limited,Preapproved Payment Bill User Payment,AUD,8.99
27/11/2023,6:00:03,ACDT,0,General Currency Conversion,CNY,44.2
27/11/2023,6:00:03,ACDT,0,General Currency Conversion,AUD,8.99
28/11/2023,3:39:34,ACDT,WEMOD LLC,Preapproved Payment Bill User Payment,AUD,7.99
28/11/2023,3:39:34,ACDT,0,General Currency Conversion,CNY,39.28
28/11/2023,3:39:34,ACDT,0,General Currency Conversion,AUD,7.99
2/12/2023,1:01:11,ACDT,Black Tree Gaming Limited,Preapproved Payment Bill User Payment,GBP,4.99
2/12/2023,1:01:11,ACDT,0,General Currency Conversion,CNY,47.29
2/12/2023,1:01:11,ACDT,0,General Currency Conversion,GBP,4.99
3/12/2023,0:12:03,ACDT,Google Payment Hong Kong Ltd.,Preapproved Payment Bill User Payment,HKD,25
3/12/2023,0:12:03,ACDT,0,General Currency Conversion,CNY,23.86
3/12/2023,0:12:03,ACDT,0,General Currency Conversion,HKD,25
3/12/2023,11:21:01,ACDT,Google Payment Australia Pty Limited,Preapproved Payment Bill User Payment,AUD,14.99
3/12/2023,11:21:01,ACDT,0,General Currency Conversion,CNY,74.59
3/12/2023,11:21:01,ACDT,0,General Currency Conversion,AUD,14.99
3/12/2023,19:09:44,ACDT,Google Payment Australia Pty Limited,Preapproved Payment Bill User Payment,AUD,6.99
3/12/2023,19:09:44,ACDT,0,General Currency Conversion,CNY,34.78
3/12/2023,19:09:44,ACDT,0,General Currency Conversion,AUD,6.99
3/12/2023,22:20:04,ACDT,Faraz Tajfirooz,Website Payment,USD,39.99
3/12/2023,22:20:04,ACDT,0,General Currency Conversion,CNY,298.08
3/12/2023,22:20:04,ACDT,0,General Currency Conversion,USD,39.99
6/12/2023,21:20:56,ACDT,JBMC Software,Subscription Payment,USD,5
6/12/2023,21:20:56,ACDT,0,General Currency Conversion,CNY,37.37
6/12/2023,21:20:56,ACDT,0,General Currency Conversion,USD,5
7/12/2023,3:41:51,ACDT,Google Payment Australia Pty Limited,Preapproved Payment Bill User Payment,AUD,5.99
7/12/2023,3:41:51,ACDT,0,General Currency Conversion,CNY,29.66
7/12/2023,3:41:51,ACDT,0,General Currency Conversion,AUD,5.99
9/12/2023,2:37:14,ACDT,Cram LLC.,Preapproved Payment Bill User Payment,AUD,39.95
9/12/2023,2:37:14,ACDT,0,General Currency Conversion,CNY,197.65
9/12/2023,2:37:14,ACDT,0,General Currency Conversion,AUD,39.95
11/12/2023,21:19:29,ACDT,"Wanderer, LLC",Subscription Payment,USD,10
11/12/2023,21:19:29,ACDT,0,General Currency Conversion,CNY,74.89
11/12/2023,21:19:29,ACDT,0,General Currency Conversion,USD,10
12/12/2023,23:16:02,ACDT,Google Payment Australia Pty Limited,Preapproved Payment Bill User Payment,AUD,6.99
12/12/2023,23:16:02,ACDT,0,General Currency Conversion,CNY,34.51
12/12/2023,23:16:02,ACDT,0,General Currency Conversion,AUD,6.99
13/12/2023,8:35:04,ACDT,EA Swiss Sarl,Preapproved Payment Bill User Payment,AUD,6.99
13/12/2023,8:35:04,ACDT,0,General Currency Conversion,CNY,34.51
13/12/2023,8:35:04,ACDT,0,General Currency Conversion,AUD,6.99
13/12/2023,23:57:08,ACDT,Google Australia Pty Ltd.,Preapproved Payment Bill User Payment,AUD,18.48
13/12/2023,23:57:08,ACDT,0,General Currency Conversion,CNY,91.6
13/12/2023,23:57:08,ACDT,0,General Currency Conversion,AUD,18.48
15/12/2023,6:00:05,ACDT,Google Australia Pty Ltd.,Preapproved Payment Bill User Payment,AUD,0.01
15/12/2023,6:00:05,ACDT,0,General Currency Conversion,CNY,0.05
15/12/2023,6:00:05,ACDT,0,General Currency Conversion,AUD,0.01
16/12/2023,5:22:37,ACDT,NETFLIX AUSTRALIA PTY LTD,Preapproved Payment Bill User Payment,AUD,10.99
16/12/2023,5:22:37,ACDT,0,General Currency Conversion,CNY,55.06
16/12/2023,5:22:37,ACDT,0,General Currency Conversion,AUD,10.99
17/12/2023,20:38:28,ACDT,MeWe,Subscription Payment,USD,1.99
17/12/2023,20:38:28,ACDT,0,General Currency Conversion,CNY,14.79
17/12/2023,20:38:28,ACDT,0,General Currency Conversion,USD,1.99
22/12/2023,7:09:03,ACDT,Microsoft Pty. Limited,Preapproved Payment Bill User Payment,AUD,109
22/12/2023,7:09:03,ACDT,0,General Currency Conversion,CNY,550.68
22/12/2023,7:09:03,ACDT,0,General Currency Conversion,AUD,109
25/12/2023,22:27:06,ACDT,Hong Kong NetEase Interactive Entertainment Limited,Express Checkout Payment,USD,38
25/12/2023,22:27:06,ACDT,0,General Currency Conversion,CNY,283.56
25/12/2023,22:27:06,ACDT,0,General Currency Conversion,USD,38
25/12/2023,23:45:29,ACDT,Google Payment Australia Pty Limited,Preapproved Payment Bill User Payment,AUD,5.99
25/12/2023,23:45:29,ACDT,0,General Currency Conversion,CNY,30.51
25/12/2023,23:45:29,ACDT,0,General Currency Conversion,AUD,5.99
26/12/2023,4:20:37,ACDT,Google Payment Australia Pty Limited,Preapproved Payment Bill User Payment,AUD,11.67
26/12/2023,4:20:37,ACDT,0,General Currency Conversion,CNY,59.43
26/12/2023,4:20:37,ACDT,0,General Currency Conversion,AUD,11.67
27/12/2023,4:30:36,ACDT,Google Payment Australia Pty Limited,Preapproved Payment Bill User Payment,AUD,5.99
27/12/2023,4:30:36,ACDT,0,General Currency Conversion,CNY,30.51
27/12/2023,4:30:36,ACDT,0,General Currency Conversion,AUD,5.99
27/12/2023,6:00:03,ACDT,Google Payment Australia Pty Limited,Preapproved Payment Bill User Payment,AUD,10.49
27/12/2023,6:00:03,ACDT,0,General Currency Conversion,CNY,53.42
27/12/2023,6:00:03,ACDT,0,General Currency Conversion,AUD,10.49
28/12/2023,3:39:34,ACDT,WEMOD LLC,Preapproved Payment Bill User Payment,AUD,7.99
28/12/2023,3:39:34,ACDT,0,General Currency Conversion,CNY,40.65
28/12/2023,3:39:34,ACDT,0,General Currency Conversion,AUD,7.99
28/12/2023,15:03:53,ACDT,www.steampowered.com,Preapproved Payment Bill User Payment,AUD,40.76
28/12/2023,15:03:53,ACDT,0,General Currency Conversion,CNY,208.31
28/12/2023,15:03:53,ACDT,0,General Currency Conversion,AUD,40.76
1/1/2024,6:30:22,ACDT,www.steampowered.com,Preapproved Payment Bill User Payment,AUD,101.23
1/1/2024,6:30:22,ACDT,0,General Currency Conversion,CNY,514.76
1/1/2024,6:30:22,ACDT,0,General Currency Conversion,AUD,101.23
1/1/2024,22:13:18,ACDT,Google Australia Pty Ltd.,Preapproved Payment Bill User Payment,AUD,18.48
1/1/2024,22:13:18,ACDT,0,General Currency Conversion,CNY,93.97
1/1/2024,22:13:18,ACDT,0,General Currency Conversion,AUD,18.48
2/1/2024,1:15:11,ACDT,Black Tree Gaming Limited,Preapproved Payment Bill User Payment,GBP,4.99
2/1/2024,1:15:11,ACDT,0,General Currency Conversion,CNY,47.34
2/1/2024,1:15:11,ACDT,0,General Currency Conversion,GBP,4.99
2/1/2024,3:20:26,ACDT,Google Australia Pty Ltd.,Preapproved Payment Bill User Payment,AUD,0.01
2/1/2024,3:20:26,ACDT,0,General Currency Conversion,CNY,0.05
2/1/2024,3:20:26,ACDT,0,General Currency Conversion,AUD,0.01
3/1/2024,0:12:03,ACDT,Google Payment Hong Kong Ltd.,Preapproved Payment Bill User Payment,HKD,25
3/1/2024,0:12:03,ACDT,0,General Currency Conversion,CNY,23.78
3/1/2024,0:12:03,ACDT,0,General Currency Conversion,HKD,25
3/1/2024,11:21:01,ACDT,Google Payment Australia Pty Limited,Preapproved Payment Bill User Payment,AUD,16.99
3/1/2024,11:21:01,ACDT,0,General Currency Conversion,CNY,86.59
3/1/2024,11:21:01,ACDT,0,General Currency Conversion,AUD,16.99
3/1/2024,19:09:44,ACDT,Google Payment Australia Pty Limited,Preapproved Payment Bill User Payment,AUD,6.99
3/1/2024,19:09:44,ACDT,0,General Currency Conversion,CNY,35.63
3/1/2024,19:09:44,ACDT,0,General Currency Conversion,AUD,6.99
4/1/2024,9:55:02,ACDT,"The Institute of Electrical and Electronics Engineers, Inc.",Express Checkout Payment,USD,27
4/1/2024,9:55:02,ACDT,0,General Currency Conversion,CNY,201.73
4/1/2024,9:55:02,ACDT,0,General Currency Conversion,USD,27
6/1/2024,19:22:03,ACDT,AmazingTalker Limited,Preapproved Payment Bill User Payment,USD,135.85
6/1/2024,19:22:03,ACDT,0,General Currency Conversion,CNY,1016.07
6/1/2024,19:22:03,ACDT,0,General Currency Conversion,USD,135.85
6/1/2024,21:18:48,ACDT,JBMC Software,Subscription Payment,USD,5
6/1/2024,21:18:48,ACDT,0,General Currency Conversion,CNY,37.4
6/1/2024,21:18:48,ACDT,0,General Currency Conversion,USD,5
7/1/2024,3:41:51,ACDT,Google Payment Australia Pty Limited,Preapproved Payment Bill User Payment,AUD,5.99
7/1/2024,3:41:51,ACDT,0,General Currency Conversion,CNY,30.23
7/1/2024,3:41:51,ACDT,0,General Currency Conversion,AUD,5.99
9/1/2024,2:37:14,ACDT,Cram LLC.,Preapproved Payment Bill User Payment,AUD,39.95
9/1/2024,2:37:14,ACDT,0,General Currency Conversion,CNY,201.63
9/1/2024,2:37:14,ACDT,0,General Currency Conversion,AUD,39.95
11/1/2024,20:53:39,ACDT,www.steampowered.com,Preapproved Payment Bill User Payment,AUD,9.77
11/1/2024,20:53:39,ACDT,0,General Currency Conversion,CNY,49.12
11/1/2024,20:53:39,ACDT,0,General Currency Conversion,AUD,9.77
11/1/2024,21:27:50,ACDT,"Wanderer, LLC",Subscription Payment,USD,10
11/1/2024,21:27:50,ACDT,0,General Currency Conversion,CNY,74.89
11/1/2024,21:27:50,ACDT,0,General Currency Conversion,USD,10
12/1/2024,23:16:01,ACDT,Google Payment Australia Pty Limited,Preapproved Payment Bill User Payment,AUD,6.99
12/1/2024,23:16:01,ACDT,0,General Currency Conversion,CNY,35.19
12/1/2024,23:16:01,ACDT,0,General Currency Conversion,AUD,6.99
13/1/2024,8:34:35,ACDT,EA Swiss Sarl,Preapproved Payment Bill User Payment,AUD,6.99
13/1/2024,8:34:35,ACDT,0,General Currency Conversion,CNY,35.19
13/1/2024,8:34:35,ACDT,0,General Currency Conversion,AUD,6.99
16/1/2024,4:51:52,ACDT,NETFLIX AUSTRALIA PTY LTD,Preapproved Payment Bill User Payment,AUD,10.99
16/1/2024,4:51:52,ACDT,0,General Currency Conversion,CNY,55.41
16/1/2024,4:51:52,ACDT,0,General Currency Conversion,AUD,10.99
17/1/2024,20:31:49,ACDT,MeWe,Subscription Payment,USD,1.99
17/1/2024,20:31:49,ACDT,0,General Currency Conversion,CNY,14.97
17/1/2024,20:31:49,ACDT,0,General Currency Conversion,USD,1.99
20/1/2024,22:12:36,ACDT,www.steampowered.com,Preapproved Payment Bill User Payment,AUD,29.2
20/1/2024,22:12:36,ACDT,0,General Currency Conversion,CNY,144.93
20/1/2024,22:12:36,ACDT,0,General Currency Conversion,AUD,29.2
25/1/2024,19:41:05,ACDT,AmazingTalker Limited,Preapproved Payment Bill User Payment,USD,163.02
25/1/2024,19:41:05,ACDT,0,General Currency Conversion,CNY,1219.2
25/1/2024,19:41:05,ACDT,0,General Currency Conversion,USD,163.02
25/1/2024,23:02:20,ACDT,AmazingTalker Limited,Preapproved Payment Bill User Payment,USD,393.25
25/1/2024,23:02:20,ACDT,0,General Currency Conversion,CNY,2941.06
25/1/2024,23:02:20,ACDT,0,General Currency Conversion,USD,393.25
25/1/2024,23:45:29,ACDT,Google Payment Australia Pty Limited,Preapproved Payment Bill User Payment,AUD,5.99
25/1/2024,23:45:29,ACDT,0,General Currency Conversion,CNY,29.66
25/1/2024,23:45:29,ACDT,0,General Currency Conversion,AUD,5.99
26/1/2024,4:20:34,ACDT,Google Payment Australia Pty Limited,Preapproved Payment Bill User Payment,AUD,11.67
26/1/2024,4:20:34,ACDT,0,General Currency Conversion,CNY,57.79
26/1/2024,4:20:34,ACDT,0,General Currency Conversion,AUD,11.67
27/1/2024,4:30:35,ACDT,Google Payment Australia Pty Limited,Preapproved Payment Bill User Payment,AUD,5.99
27/1/2024,4:30:35,ACDT,0,General Currency Conversion,CNY,29.65
27/1/2024,4:30:35,ACDT,0,General Currency Conversion,AUD,5.99
27/1/2024,6:00:02,ACDT,Google Payment Australia Pty Limited,Preapproved Payment Bill User Payment,AUD,10.49
27/1/2024,6:00:02,ACDT,0,General Currency Conversion,CNY,51.92
27/1/2024,6:00:02,ACDT,0,General Currency Conversion,AUD,10.49
28/1/2024,3:39:34,ACDT,WEMOD LLC,Preapproved Payment Bill User Payment,AUD,7.99
28/1/2024,3:39:34,ACDT,0,General Currency Conversion,CNY,39.57
28/1/2024,3:39:34,ACDT,0,General Currency Conversion,AUD,7.99
30/1/2024,20:26:23,ACDT,www.steampowered.com,Preapproved Payment Bill User Payment,AUD,7.57
30/1/2024,20:26:23,ACDT,0,General Currency Conversion,CNY,37.55
30/1/2024,20:26:23,ACDT,0,General Currency Conversion,AUD,7.57
1/2/2024,21:55:39,ACDT,Google Australia Pty Ltd.,Preapproved Payment Bill User Payment,AUD,18.48
1/2/2024,21:55:39,ACDT,0,General Currency Conversion,CNY,91.68
1/2/2024,21:55:39,ACDT,0,General Currency Conversion,AUD,18.48
2/2/2024,1:11:03,ACDT,Black Tree Gaming Limited,Preapproved Payment Bill User Payment,GBP,4.99
2/2/2024,1:11:03,ACDT,0,General Currency Conversion,CNY,47.66
2/2/2024,1:11:03,ACDT,0,General Currency Conversion,GBP,4.99
2/2/2024,6:56:41,ACDT,Google Australia Pty Ltd.,Preapproved Payment Bill User Payment,AUD,0.01
2/2/2024,6:56:41,ACDT,0,General Currency Conversion,CNY,0.05
2/2/2024,6:56:41,ACDT,0,General Currency Conversion,AUD,0.01
2/2/2024,8:33:33,ACDT,"NameSilo, LLC",Preapproved Payment Bill User Payment,USD,16.36
2/2/2024,8:33:33,ACDT,0,General Currency Conversion,CNY,122.56
2/2/2024,8:33:33,ACDT,0,General Currency Conversion,USD,16.36
3/2/2024,0:12:12,ACDT,Google Payment Hong Kong Ltd.,Preapproved Payment Bill User Payment,HKD,25
3/2/2024,0:12:12,ACDT,0,General Currency Conversion,CNY,23.98
3/2/2024,0:12:12,ACDT,0,General Currency Conversion,HKD,25
3/2/2024,11:21:01,ACDT,Google Payment Australia Pty Limited,Preapproved Payment Bill User Payment,AUD,16.99
3/2/2024,11:21:01,ACDT,0,General Currency Conversion,CNY,84.43
3/2/2024,11:21:01,ACDT,0,General Currency Conversion,AUD,16.99
3/2/2024,19:09:44,ACDT,Google Payment Australia Pty Limited,Preapproved Payment Bill User Payment,AUD,6.99
3/2/2024,19:09:44,ACDT,0,General Currency Conversion,CNY,34.73
3/2/2024,19:09:44,ACDT,0,General Currency Conversion,AUD,6.99
6/2/2024,21:20:25,ACDT,JBMC Software,Subscription Payment,USD,5
6/2/2024,21:20:25,ACDT,0,General Currency Conversion,CNY,37.63
6/2/2024,21:20:25,ACDT,0,General Currency Conversion,USD,5
7/2/2024,3:41:51,ACDT,Google Payment Australia Pty Limited,Preapproved Payment Bill User Payment,AUD,5.99
7/2/2024,3:41:51,ACDT,0,General Currency Conversion,CNY,29.41
7/2/2024,3:41:51,ACDT,0,General Currency Conversion,AUD,5.99
8/2/2024,3:17:25,ACDT,EA Swiss Sarl,Preapproved Payment Bill User Payment,AUD,28.6
8/2/2024,3:17:25,ACDT,0,General Currency Conversion,CNY,140.35
8/2/2024,3:17:25,ACDT,0,General Currency Conversion,AUD,28.6
8/2/2024,17:04:59,ACDT,www.steampowered.com,Preapproved Payment Bill User Payment,AUD,43.95
8/2/2024,17:04:59,ACDT,0,General Currency Conversion,CNY,216.03
8/2/2024,17:04:59,ACDT,0,General Currency Conversion,AUD,43.95
9/2/2024,2:37:14,ACDT,Cram LLC.,Preapproved Payment Bill User Payment,AUD,39.95
9/2/2024,2:37:14,ACDT,0,General Currency Conversion,CNY,196.36
9/2/2024,2:37:14,ACDT,0,General Currency Conversion,AUD,39.95
11/2/2024,18:34:13,ACDT,eBay Commerce Inc.,Express Checkout Payment,AUD,156.11
11/2/2024,18:34:13,ACDT,0,General Currency Conversion,CNY,767.14
11/2/2024,18:34:13,ACDT,0,General Currency Conversion,AUD,156.11
11/2/2024,21:02:07,ACDT,"Wanderer, LLC",Subscription Payment,USD,10
11/2/2024,21:02:07,ACDT,0,General Currency Conversion,CNY,75.21
11/2/2024,21:02:07,ACDT,0,General Currency Conversion,USD,10
12/2/2024,23:16:01,ACDT,Google Payment Australia Pty Limited,Preapproved Payment Bill User Payment,AUD,6.99
12/2/2024,23:16:01,ACDT,0,General Currency Conversion,CNY,34.35
12/2/2024,23:16:01,ACDT,0,General Currency Conversion,AUD,6.99
13/2/2024,8:34:57,ACDT,EA Swiss Sarl,Preapproved Payment Bill User Payment,AUD,6.99
13/2/2024,8:34:57,ACDT,0,General Currency Conversion,CNY,34.35
13/2/2024,8:34:57,ACDT,0,General Currency Conversion,AUD,6.99
16/2/2024,5:23:28,ACDT,NETFLIX AUSTRALIA PTY LTD,Preapproved Payment Bill User Payment,AUD,10.99
16/2/2024,5:23:28,ACDT,0,General Currency Conversion,CNY,53.79
16/2/2024,5:23:28,ACDT,0,General Currency Conversion,AUD,10.99
17/2/2024,20:46:25,ACDT,MeWe,Subscription Payment,USD,1.99
17/2/2024,20:46:25,ACDT,0,General Currency Conversion,CNY,14.97
17/2/2024,20:46:25,ACDT,0,General Currency Conversion,USD,1.99
17/2/2024,22:21:37,ACDT,EA Swiss Sarl,Preapproved Payment Bill User Payment,AUD,40.45
17/2/2024,22:21:37,ACDT,0,General Currency Conversion,CNY,199.19
17/2/2024,22:21:37,ACDT,0,General Currency Conversion,AUD,40.45
19/2/2024,0:33:39,ACDT,EA Swiss Sarl,Preapproved Payment Bill User Payment,AUD,13.45
19/2/2024,0:33:39,ACDT,0,General Currency Conversion,CNY,66.23
19/2/2024,0:33:39,ACDT,0,General Currency Conversion,AUD,13.45
25/2/2024,23:45:29,ACDT,Google Payment Australia Pty Limited,Preapproved Payment Bill User Payment,AUD,5.99
25/2/2024,23:45:29,ACDT,0,General Currency Conversion,CNY,29.62
25/2/2024,23:45:29,ACDT,0,General Currency Conversion,AUD,5.99
26/2/2024,4:20:36,ACDT,Google Payment Australia Pty Limited,Preapproved Payment Bill User Payment,AUD,11.67
26/2/2024,4:20:36,ACDT,0,General Currency Conversion,CNY,57.71
26/2/2024,4:20:36,ACDT,0,General Currency Conversion,AUD,11.67
26/2/2024,13:54:42,ACDT,G W INC,Express Checkout Payment,CAD,41.3
26/2/2024,13:54:42,ACDT,0,General Currency Conversion,CNY,230.6
26/2/2024,13:54:42,ACDT,0,General Currency Conversion,CAD,41.3
27/2/2024,4:30:35,ACDT,Google Payment Australia Pty Limited,Preapproved Payment Bill User Payment,AUD,5.99
27/2/2024,4:30:35,ACDT,0,General Currency Conversion,CNY,29.62
27/2/2024,4:30:35,ACDT,0,General Currency Conversion,AUD,5.99
27/2/2024,6:00:02,ACDT,Google Payment Australia Pty Limited,Preapproved Payment Bill User Payment,AUD,10.49
27/2/2024,6:00:02,ACDT,0,General Currency Conversion,CNY,51.88
27/2/2024,6:00:02,ACDT,0,General Currency Conversion,AUD,10.49
27/2/2024,19:17:16,ACDT,Google Payment Australia Pty Limited,Preapproved Payment Bill User Payment,AUD,49.99
27/2/2024,19:17:16,ACDT,0,General Currency Conversion,CNY,246.92
27/2/2024,19:17:16,ACDT,0,General Currency Conversion,AUD,49.99
28/2/2024,3:39:34,ACDT,WEMOD LLC,Preapproved Payment Bill User Payment,AUD,7.99
28/2/2024,3:39:34,ACDT,0,General Currency Conversion,CNY,39.47
28/2/2024,3:39:34,ACDT,0,General Currency Conversion,AUD,7.99
2/3/2024,0:15:01,ACDT,Black Tree Gaming Limited,Preapproved Payment Bill User Payment,GBP,4.99
2/3/2024,0:15:01,ACDT,0,General Currency Conversion,CNY,47.56
2/3/2024,0:15:01,ACDT,0,General Currency Conversion,GBP,4.99
2/3/2024,0:35:11,ACDT,Google Australia Pty Ltd.,Preapproved Payment Bill User Payment,AUD,20.12
2/3/2024,0:35:11,ACDT,0,General Currency Conversion,CNY,98.75
2/3/2024,0:35:11,ACDT,0,General Currency Conversion,AUD,20.12
2/3/2024,4:05:15,ACDT,Google Australia Pty Ltd.,Preapproved Payment Bill User Payment,AUD,0.01
2/3/2024,4:05:15,ACDT,0,General Currency Conversion,CNY,0.05
2/3/2024,4:05:15,ACDT,0,General Currency Conversion,AUD,0.01
3/3/2024,0:12:04,ACDT,Google Payment Hong Kong Ltd.,Preapproved Payment Bill User Payment,HKD,25
3/3/2024,0:12:04,ACDT,0,General Currency Conversion,CNY,24.01
3/3/2024,0:12:04,ACDT,0,General Currency Conversion,HKD,25
3/3/2024,11:21:01,ACDT,Google Payment Australia Pty Limited,Preapproved Payment Bill User Payment,AUD,16.99
3/3/2024,11:21:01,ACDT,0,General Currency Conversion,CNY,83.44
3/3/2024,11:21:01,ACDT,0,General Currency Conversion,AUD,16.99
3/3/2024,19:09:44,ACDT,Google Payment Australia Pty Limited,Preapproved Payment Bill User Payment,AUD,6.99
3/3/2024,19:09:44,ACDT,0,General Currency Conversion,CNY,34.33
3/3/2024,19:09:44,ACDT,0,General Currency Conversion,AUD,6.99
6/3/2024,20:38:57,ACDT,JBMC Software,Subscription Payment,USD,5
6/3/2024,20:38:57,ACDT,0,General Currency Conversion,CNY,37.57
6/3/2024,20:38:57,ACDT,0,General Currency Conversion,USD,5
7/3/2024,3:41:51,ACDT,Google Payment Australia Pty Limited,Preapproved Payment Bill User Payment,AUD,5.99
7/3/2024,3:41:51,ACDT,0,General Currency Conversion,CNY,29.35
7/3/2024,3:41:51,ACDT,0,General Currency Conversion,AUD,5.99
7/3/2024,20:58:30,ACDT,UAB Planner 5D,Subscription Payment,USD,59.99
7/3/2024,20:58:30,ACDT,0,General Currency Conversion,CNY,451.02
7/3/2024,20:58:30,ACDT,0,General Currency Conversion,USD,59.99
7/3/2024,21:39:14,ACDT,EA Swiss Sarl,Preapproved Payment Bill User Payment,AUD,13.45
7/3/2024,21:39:14,ACDT,0,General Currency Conversion,CNY,66.55
7/3/2024,21:39:14,ACDT,0,General Currency Conversion,AUD,13.45
9/3/2024,2:37:13,ACDT,Cram LLC.,Preapproved Payment Bill User Payment,AUD,39.95
9/3/2024,2:37:13,ACDT,0,General Currency Conversion,CNY,198.85
9/3/2024,2:37:13,ACDT,0,General Currency Conversion,AUD,39.95
11/3/2024,20:38:43,ACDT,"Wanderer, LLC",Subscription Payment,USD,10
11/3/2024,20:38:43,ACDT,0,General Currency Conversion,CNY,75.04
11/3/2024,20:38:43,ACDT,0,General Currency Conversion,USD,10
12/3/2024,23:16:01,ACDT,Google Payment Australia Pty Limited,Preapproved Payment Bill User Payment,AUD,6.99
12/3/2024,23:16:01,ACDT,0,General Currency Conversion,CNY,34.8
12/3/2024,23:16:01,ACDT,0,General Currency Conversion,AUD,6.99
13/3/2024,8:34:11,ACDT,EA Swiss Sarl,Preapproved Payment Bill User Payment,AUD,6.99
13/3/2024,8:34:11,ACDT,0,General Currency Conversion,CNY,34.76
13/3/2024,8:34:11,ACDT,0,General Currency Conversion,AUD,6.99
14/3/2024,3:23:13,ACDT,Google Payment Australia Pty Limited,Preapproved Payment Bill User Payment,AUD,29.95
14/3/2024,3:23:13,ACDT,0,General Currency Conversion,CNY,148.95
14/3/2024,3:23:13,ACDT,0,General Currency Conversion,AUD,29.95
16/3/2024,3:59:56,ACDT,NETFLIX AUSTRALIA PTY LTD,Preapproved Payment Bill User Payment,AUD,10.99
16/3/2024,3:59:56,ACDT,0,General Currency Conversion,CNY,54.69
16/3/2024,3:59:56,ACDT,0,General Currency Conversion,AUD,10.99
17/3/2024,21:48:57,ACDT,MeWe,Subscription Payment,USD,1.99
17/3/2024,21:48:57,ACDT,0,General Currency Conversion,CNY,14.94
17/3/2024,21:48:57,ACDT,0,General Currency Conversion,USD,1.99
21/3/2024,20:49:03,ACDT,www.steampowered.com,Preapproved Payment Bill User Payment,AUD,20.84
21/3/2024,20:49:03,ACDT,0,General Currency Conversion,CNY,103.22
21/3/2024,20:49:03,ACDT,0,General Currency Conversion,AUD,20.84
25/3/2024,23:42:17,ACDT,Google Payment Australia Pty Limited,Preapproved Payment Bill User Payment,AUD,5.84
25/3/2024,23:42:17,ACDT,0,General Currency Conversion,CNY,29.13
25/3/2024,23:42:17,ACDT,0,General Currency Conversion,AUD,5.84
25/3/2024,23:45:29,ACDT,Google Payment Australia Pty Limited,Preapproved Payment Bill User Payment,AUD,5.99
25/3/2024,23:45:29,ACDT,0,General Currency Conversion,CNY,29.88
25/3/2024,23:45:29,ACDT,0,General Currency Conversion,AUD,5.99
26/3/2024,4:20:35,ACDT,Google Payment Australia Pty Limited,Preapproved Payment Bill User Payment,AUD,11.67
26/3/2024,4:20:35,ACDT,0,General Currency Conversion,CNY,58.21
26/3/2024,4:20:35,ACDT,0,General Currency Conversion,AUD,11.67
27/3/2024,4:30:35,ACDT,Google Payment Australia Pty Limited,Preapproved Payment Bill User Payment,AUD,5.99
27/3/2024,4:30:35,ACDT,0,General Currency Conversion,CNY,29.75
27/3/2024,4:30:35,ACDT,0,General Currency Conversion,AUD,5.99
27/3/2024,5:00:02,ACDT,Google Payment Australia Pty Limited,Preapproved Payment Bill User Payment,AUD,10.49
27/3/2024,5:00:02,ACDT,0,General Currency Conversion,CNY,52.1
27/3/2024,5:00:02,ACDT,0,General Currency Conversion,AUD,10.49
28/3/2024,2:39:34,ACDT,WEMOD LLC,Preapproved Payment Bill User Payment,AUD,7.99
28/3/2024,2:39:34,ACDT,0,General Currency Conversion,CNY,39.6
28/3/2024,2:39:34,ACDT,0,General Currency Conversion,AUD,7.99
31/3/2024,18:34:20,ACDT,JetBrains s.r.o.,Preapproved Payment Bill User Payment,USD,110
31/3/2024,18:34:20,ACDT,0,General Currency Conversion,CNY,832.71
31/3/2024,18:34:20,ACDT,0,General Currency Conversion,USD,110
1/4/2024,23:26:23,ACDT,Google Australia Pty Ltd.,Preapproved Payment Bill User Payment,AUD,22.18
1/4/2024,23:26:23,ACDT,0,General Currency Conversion,CNY,109.83
1/4/2024,23:26:23,ACDT,0,General Currency Conversion,AUD,22.18
1/4/2024,23:54:11,ACDT,Black Tree Gaming Limited,Preapproved Payment Bill User Payment,GBP,4.99
1/4/2024,23:54:11,ACDT,0,General Currency Conversion,CNY,47.8
1/4/2024,23:54:11,ACDT,0,General Currency Conversion,GBP,4.99
2/4/2024,2:57:56,ACDT,Google Australia Pty Ltd.,Preapproved Payment Bill User Payment,AUD,0.01
2/4/2024,2:57:56,ACDT,0,General Currency Conversion,CNY,0.05
2/4/2024,2:57:56,ACDT,0,General Currency Conversion,AUD,0.01
3/4/2024,0:12:02,ACDT,Google Payment Hong Kong Ltd.,Preapproved Payment Bill User Payment,HKD,25
3/4/2024,0:12:02,ACDT,0,General Currency Conversion,CNY,24.17
3/4/2024,0:12:02,ACDT,0,General Currency Conversion,HKD,25
3/4/2024,10:21:01,ACDT,Google Payment Australia Pty Limited,Preapproved Payment Bill User Payment,AUD,16.99
3/4/2024,10:21:01,ACDT,0,General Currency Conversion,CNY,83.9
3/4/2024,10:21:01,ACDT,0,General Currency Conversion,AUD,16.99
3/4/2024,19:09:44,ACDT,Google Payment Australia Pty Limited,Preapproved Payment Bill User Payment,AUD,6.99
3/4/2024,19:09:44,ACDT,0,General Currency Conversion,CNY,34.52
3/4/2024,19:09:44,ACDT,0,General Currency Conversion,AUD,6.99
6/4/2024,21:19:52,ACDT,JBMC Software,Subscription Payment,USD,5
6/4/2024,21:19:52,ACDT,0,General Currency Conversion,CNY,37.78
6/4/2024,21:19:52,ACDT,0,General Currency Conversion,USD,5
7/4/2024,1:45:19,ACDT,www.steampowered.com,Preapproved Payment Bill User Payment,AUD,21.5
7/4/2024,1:45:19,ACDT,0,General Currency Conversion,CNY,107.11
7/4/2024,1:45:19,ACDT,0,General Currency Conversion,AUD,21.5
7/4/2024,3:41:51,ACST,Google Payment Australia Pty Limited,Preapproved Payment Bill User Payment,AUD,5.99
7/4/2024,3:41:51,ACST,0,General Currency Conversion,CNY,29.84
7/4/2024,3:41:51,ACST,0,General Currency Conversion,AUD,5.99
7/4/2024,15:51:50,ACST,A Medium Corporation,Preapproved Payment Bill User Payment,USD,5
7/4/2024,15:51:50,ACST,0,General Currency Conversion,CNY,37.78
7/4/2024,15:51:50,ACST,0,General Currency Conversion,USD,5
9/4/2024,1:37:14,ACST,Cram LLC.,Preapproved Payment Bill User Payment,AUD,39.95
9/4/2024,1:37:14,ACST,0,General Currency Conversion,CNY,199.03
9/4/2024,1:37:14,ACST,0,General Currency Conversion,AUD,39.95
10/4/2024,1:37:56,ACST,Tianliang Alliance Incorporation,Express Checkout Payment,USD,28
10/4/2024,1:37:56,ACST,0,General Currency Conversion,CNY,211.6
10/4/2024,1:37:56,ACST,0,General Currency Conversion,USD,28
10/4/2024,1:39:24,ACST,Tianliang Alliance Incorporation,Express Checkout Payment,USD,28
10/4/2024,1:39:24,ACST,0,General Currency Conversion,CNY,211.6
10/4/2024,1:39:24,ACST,0,General Currency Conversion,USD,28
10/4/2024,13:21:27,ACST,Neuron Mobility (Australia) Pty Ltd,Preapproved Payment Bill User Payment,AUD,11.2
10/4/2024,13:21:27,ACST,0,General Currency Conversion,CNY,56.18
10/4/2024,13:21:27,ACST,0,General Currency Conversion,AUD,11.2
10/4/2024,16:18:24,ACST,Neuron Mobility (Australia) Pty Ltd,Payment Refund,AUD,5.1
10/4/2024,16:18:24,ACST,0,General Credit Card Withdrawal,CNY,25.58
10/4/2024,16:18:24,ACST,0,General Currency Conversion,AUD,5.1
10/4/2024,16:18:24,ACST,0,General Currency Conversion,CNY,25.58
11/4/2024,20:16:29,ACST,"Wanderer, LLC",Subscription Payment,USD,10
11/4/2024,20:16:29,ACST,0,General Currency Conversion,CNY,75.67
11/4/2024,20:16:29,ACST,0,General Currency Conversion,USD,10
12/4/2024,23:16:02,ACST,Google Payment Australia Pty Limited,Preapproved Payment Bill User Payment,AUD,6.99
12/4/2024,23:16:02,ACST,0,General Currency Conversion,CNY,34.66
12/4/2024,23:16:02,ACST,0,General Currency Conversion,AUD,6.99
13/4/2024,7:33:57,ACST,EA Swiss Sarl,Preapproved Payment Bill User Payment,AUD,6.99
13/4/2024,7:33:57,ACST,0,General Currency Conversion,CNY,34.63
13/4/2024,7:33:57,ACST,0,General Currency Conversion,AUD,6.99
16/4/2024,2:48:15,ACST,NETFLIX AUSTRALIA PTY LTD,Preapproved Payment Bill User Payment,AUD,10.99
16/4/2024,2:48:15,ACST,0,General Currency Conversion,CNY,54.45
16/4/2024,2:48:15,ACST,0,General Currency Conversion,AUD,10.99
19/4/2024,18:08:16,ACST,AmazingTalker Limited,Preapproved Payment Bill User Payment,USD,466.2
19/4/2024,18:08:16,ACST,0,General Currency Conversion,CNY,3522.63
19/4/2024,18:08:16,ACST,0,General Currency Conversion,USD,466.2
19/4/2024,20:38:31,ACST,EA Swiss Sarl,Preapproved Payment Bill User Payment,AUD,7.15
19/4/2024,20:38:31,ACST,0,General Currency Conversion,CNY,34.71
19/4/2024,20:38:31,ACST,0,General Currency Conversion,AUD,7.15
22/4/2024,22:45:08,ACST,www.steampowered.com,Preapproved Payment Bill User Payment,AUD,26.05
22/4/2024,22:45:08,ACST,0,General Currency Conversion,CNY,126.78
22/4/2024,22:45:08,ACST,0,General Currency Conversion,AUD,26.05
25/4/2024,1:31:28,ACST,Grammarly.com,Preapproved Payment Bill User Payment,USD,144
25/4/2024,1:31:28,ACST,0,General Currency Conversion,CNY,1089.98
25/4/2024,1:31:28,ACST,0,General Currency Conversion,USD,144
25/4/2024,23:45:30,ACST,Google Payment Australia Pty Limited,Preapproved Payment Bill User Payment,AUD,5.99
25/4/2024,23:45:30,ACST,0,General Currency Conversion,CNY,29.63
25/4/2024,23:45:30,ACST,0,General Currency Conversion,AUD,5.99
27/4/2024,4:00:03,ACST,Google Payment Australia Pty Limited,Preapproved Payment Bill User Payment,AUD,10.49
27/4/2024,4:00:03,ACST,0,General Currency Conversion,CNY,51.97
27/4/2024,4:00:03,ACST,0,General Currency Conversion,AUD,10.49
27/4/2024,4:30:35,ACST,Google Payment Australia Pty Limited,Preapproved Payment Bill User Payment,AUD,5.99
27/4/2024,4:30:35,ACST,0,General Currency Conversion,CNY,29.68
27/4/2024,4:30:35,ACST,0,General Currency Conversion,AUD,5.99
28/4/2024,1:39:34,ACST,WEMOD LLC,Preapproved Payment Bill User Payment,AUD,7.99
28/4/2024,1:39:34,ACST,0,General Currency Conversion,CNY,39.66
28/4/2024,1:39:34,ACST,0,General Currency Conversion,AUD,7.99
1/5/2024,20:02:24,ACST,Google Australia Pty Ltd.,Preapproved Payment Bill User Payment,AUD,22.53
1/5/2024,20:02:24,ACST,0,General Currency Conversion,CNY,111.86
1/5/2024,20:02:24,ACST,0,General Currency Conversion,AUD,22.53
1/5/2024,22:05:02,ACST,Black Tree Gaming Limited,Preapproved Payment Bill User Payment,GBP,4.99
1/5/2024,22:05:02,ACST,0,General Currency Conversion,CNY,47.4
1/5/2024,22:05:02,ACST,0,General Currency Conversion,GBP,4.99
2/5/2024,1:13:12,ACST,Google Australia Pty Ltd.,Preapproved Payment Bill User Payment,AUD,0.01
2/5/2024,1:13:12,ACST,0,General Currency Conversion,CNY,0.05
2/5/2024,1:13:12,ACST,0,General Currency Conversion,AUD,0.01
3/5/2024,9:21:01,ACST,Google Payment Australia Pty Limited,Preapproved Payment Bill User Payment,AUD,16.99
3/5/2024,9:21:01,ACST,0,General Currency Conversion,CNY,84.28
3/5/2024,9:21:01,ACST,0,General Currency Conversion,AUD,16.99
3/5/2024,19:09:44,ACST,Google Payment Australia Pty Limited,Preapproved Payment Bill User Payment,AUD,6.99
3/5/2024,19:09:44,ACST,0,General Currency Conversion,CNY,34.68
3/5/2024,19:09:44,ACST,0,General Currency Conversion,AUD,6.99
7/5/2024,3:41:51,ACST,Google Payment Australia Pty Limited,Preapproved Payment Bill User Payment,AUD,5.99
7/5/2024,3:41:51,ACST,0,General Currency Conversion,CNY,29.89
7/5/2024,3:41:51,ACST,0,General Currency Conversion,AUD,5.99
8/5/2024,0:06:00,ACST,A Medium Corporation,Preapproved Payment Bill User Payment,USD,5
8/5/2024,0:06:00,ACST,0,General Currency Conversion,CNY,37.62
8/5/2024,0:06:00,ACST,0,General Currency Conversion,USD,5
10/5/2024,22:09:16,ACST,www.steampowered.com,Preapproved Payment Bill User Payment,AUD,14.5
10/5/2024,22:09:16,ACST,0,General Currency Conversion,CNY,72.35
10/5/2024,22:09:16,ACST,0,General Currency Conversion,AUD,14.5
11/5/2024,20:32:05,ACST,"Wanderer, LLC",Subscription Payment,USD,10
11/5/2024,20:32:05,ACST,0,General Currency Conversion,CNY,75.36
11/5/2024,20:32:05,ACST,0,General Currency Conversion,USD,10
12/5/2024,23:16:01,ACST,Google Payment Australia Pty Limited,Preapproved Payment Bill User Payment,AUD,6.99
12/5/2024,23:16:01,ACST,0,General Currency Conversion,CNY,34.89
12/5/2024,23:16:01,ACST,0,General Currency Conversion,AUD,6.99
13/5/2024,7:33:31,ACST,EA Swiss Sarl,Preapproved Payment Bill User Payment,AUD,8.95
13/5/2024,7:33:31,ACST,0,General Currency Conversion,CNY,44.67
13/5/2024,7:33:31,ACST,0,General Currency Conversion,AUD,8.95
13/5/2024,10:45:04,ACST,Alibaba Cloud (Singapore) Private Limited,Preapproved Payment Bill User Payment,USD,10.86
13/5/2024,10:45:04,ACST,0,General Currency Conversion,CNY,81.84
13/5/2024,10:45:04,ACST,0,General Currency Conversion,USD,10.86
16/5/2024,1:31:20,ACST,NETFLIX AUSTRALIA PTY LTD,Preapproved Payment Bill User Payment,AUD,10.99
16/5/2024,1:31:20,ACST,0,General Currency Conversion,CNY,54.98
16/5/2024,1:31:20,ACST,0,General Currency Conversion,AUD,10.99
20/5/2024,13:57:59,ACST,Neuron Mobility (Australia) Pty Ltd,Preapproved Payment Bill User Payment,AUD,3.55
20/5/2024,13:57:59,ACST,0,General Currency Conversion,CNY,17.93
20/5/2024,13:57:59,ACST,0,General Currency Conversion,AUD,3.55
23/5/2024,6:05:53,ACST,Apple Services,Preapproved Payment Bill User Payment,AUD,7.99
23/5/2024,6:05:53,ACST,0,General Currency Conversion,CNY,40.3
23/5/2024,6:05:53,ACST,0,General Currency Conversion,AUD,7.99
25/5/2024,23:45:29,ACST,Google Payment Australia Pty Limited,Preapproved Payment Bill User Payment,AUD,5.99
25/5/2024,23:45:29,ACST,0,General Currency Conversion,CNY,30.08
25/5/2024,23:45:29,ACST,0,General Currency Conversion,AUD,5.99
27/5/2024,4:00:03,ACST,Google Payment Australia Pty Limited,Preapproved Payment Bill User Payment,AUD,10.49
27/5/2024,4:00:03,ACST,0,General Currency Conversion,CNY,52.67
27/5/2024,4:00:03,ACST,0,General Currency Conversion,AUD,10.49
27/5/2024,4:30:35,ACST,Google Payment Australia Pty Limited,Preapproved Payment Bill User Payment,AUD,5.99
27/5/2024,4:30:35,ACST,0,General Currency Conversion,CNY,30.08
27/5/2024,4:30:35,ACST,0,General Currency Conversion,AUD,5.99
28/5/2024,1:39:33,ACST,WEMOD LLC,Preapproved Payment Bill User Payment,AUD,7.99
28/5/2024,1:39:33,ACST,0,General Currency Conversion,CNY,40.12
28/5/2024,1:39:33,ACST,0,General Currency Conversion,AUD,7.99
1/6/2024,18:16:16,ACST,AmazingTalker Limited,Preapproved Payment Bill User Payment,USD,467.5
1/6/2024,18:16:16,ACST,0,General Currency Conversion,CNY,3539.46
1/6/2024,18:16:16,ACST,0,General Currency Conversion,USD,467.5
1/6/2024,20:56:03,ACST,Google Australia Pty Ltd.,Preapproved Payment Bill User Payment,AUD,22.18
1/6/2024,20:56:03,ACST,0,General Currency Conversion,CNY,112.06
1/6/2024,20:56:03,ACST,0,General Currency Conversion,AUD,22.18
1/6/2024,22:17:39,ACST,Black Tree Gaming Limited,Preapproved Payment Bill User Payment,GBP,4.99
1/6/2024,22:17:39,ACST,0,General Currency Conversion,CNY,48.23
1/6/2024,22:17:39,ACST,0,General Currency Conversion,GBP,4.99
2/6/2024,1:43:51,ACST,Google Australia Pty Ltd.,Preapproved Payment Bill User Payment,AUD,0.01
2/6/2024,1:43:51,ACST,0,General Currency Conversion,CNY,0.05
2/6/2024,1:43:51,ACST,0,General Currency Conversion,AUD,0.01
2/6/2024,16:44:21,ACST,Nando's Australia Pty Ltd,Express Checkout Payment,AUD,41.25
2/6/2024,16:44:21,ACST,0,General Currency Conversion,CNY,208.4
2/6/2024,16:44:21,ACST,0,General Currency Conversion,AUD,41.25
3/6/2024,9:21:01,ACST,Google Payment Australia Pty Limited,Preapproved Payment Bill User Payment,AUD,16.99
3/6/2024,9:21:01,ACST,0,General Currency Conversion,CNY,85.83
3/6/2024,9:21:01,ACST,0,General Currency Conversion,AUD,16.99
3/6/2024,19:09:44,ACST,Google Payment Australia Pty Limited,Preapproved Payment Bill User Payment,AUD,6.99
3/6/2024,19:09:44,ACST,0,General Currency Conversion,CNY,35.31
3/6/2024,19:09:44,ACST,0,General Currency Conversion,AUD,6.99
5/6/2024,13:10:11,ACST,"ACM, Inc.",Preapproved Payment Bill User Payment,USD,62
5/6/2024,13:10:11,ACST,0,General Currency Conversion,CNY,468.79
5/6/2024,13:10:11,ACST,0,General Currency Conversion,USD,62
7/6/2024,3:41:51,ACST,Google Payment Australia Pty Limited,Preapproved Payment Bill User Payment,AUD,5.99
7/6/2024,3:41:51,ACST,0,General Currency Conversion,CNY,30.19
7/6/2024,3:41:51,ACST,0,General Currency Conversion,AUD,5.99
7/6/2024,23:42:00,ACST,A Medium Corporation,Preapproved Payment Bill User Payment,USD,5
7/6/2024,23:42:00,ACST,0,General Currency Conversion,CNY,37.84
7/6/2024,23:42:00,ACST,0,General Currency Conversion,USD,5
8/6/2024,15:18:06,ACST,Answer The Public Ltd,Preapproved Payment Bill User Payment,AUD,9
8/6/2024,15:18:06,ACST,0,General Currency Conversion,CNY,45.51
8/6/2024,15:18:06,ACST,0,General Currency Conversion,AUD,9
11/6/2024,20:04:51,ACST,"Wanderer, LLC",Subscription Payment,USD,10
11/6/2024,20:04:51,ACST,0,General Currency Conversion,CNY,75.76
11/6/2024,20:04:51,ACST,0,General Currency Conversion,USD,10
12/6/2024,23:16:01,ACST,Google Payment Australia Pty Limited,Preapproved Payment Bill User Payment,AUD,6.99
12/6/2024,23:16:01,ACST,0,General Currency Conversion,CNY,35.03
12/6/2024,23:16:01,ACST,0,General Currency Conversion,AUD,6.99
13/6/2024,7:33:13,ACST,EA Swiss Sarl,Preapproved Payment Bill User Payment,AUD,8.95
13/6/2024,7:33:13,ACST,0,General Currency Conversion,CNY,45.46
13/6/2024,7:33:13,ACST,0,General Currency Conversion,AUD,8.95
13/6/2024,10:45:19,ACST,Alibaba Cloud (Singapore) Private Limited,Preapproved Payment Bill User Payment,USD,10.86
13/6/2024,10:45:19,ACST,0,General Currency Conversion,CNY,82.28
13/6/2024,10:45:19,ACST,0,General Currency Conversion,USD,10.86